anon_app_id,n_countries_observed,ADII_mean,DGI_mean,PCLR_mean,AS_mean,categories,ad_supported,offersIAP,top_grossing,downloads_bucket
app_0001,26,831.3076923076923,0.7914835164835166,0.41506345453202065,0.5447595982416036,Medical,False,False,No,100K-1M
app_0002,1,1524.0,0.875,0.0207407407407407,,Health & Fitness,False,True,No,<1K
app_0003,26,4610.076923076923,0.8623215459753921,0.3492576038758608,0.6089233402114748,Health & Fitness,False,True,No,10M+
app_0004,26,499.03846153846155,0.7115079365079365,0.5624764318180845,0.5107954727556092,Productivity,False,True,Yes,1M-10M
app_0005,25,356.8,0.7898571428571428,0.4246891939515448,0.4425437672936029,Lifestyle,False,True,No,10K-100K
app_0006,25,499.72,1.0,0.4627457131080311,0.4890267035486863,Health & Fitness,False,False,No,10K-100K
app_0007,26,722.8846153846154,0.6542735042735042,0.32749848648950963,0.499837043049444,Health & Fitness,False,True,No,10K-100K
app_0008,26,1984.2692307692307,0.9107120412267471,0.5205525964803593,0.3525496219594686,Health & Fitness,False,True,No,100K-1M
app_0009,26,2617.1153846153848,0.9116238744915215,0.4938404223359835,0.3780598476773588,Health & Fitness,False,True,No,100K-1M
app_0010,26,4271.7692307692305,0.9160707906644439,0.5198096205499364,0.3926976792864444,Health & Fitness,False,True,Yes,1M-10M
app_0011,26,3740.6153846153848,0.9181906737053794,0.5116380974012813,0.4266160820021219,Health & Fitness,False,True,No,100K-1M
app_0012,26,707.6923076923077,1.0,0.45201816871334277,0.37548083931740883,Health & Fitness,False,True,No,100K-1M
app_0013,26,719.8461538461538,0.8660790598290599,0.5712076520812159,0.32663067951563984,Education,True,True,Yes,10M+
app_0014,26,469.0,1.0,0.3756106156046944,0.3848628744593797,Health & Fitness,False,True,No,10K-100K
app_0015,26,711.2307692307693,0.7342185592185592,0.2903643036914841,0.4025615430303331,Health & Fitness,False,False,No,10K-100K
app_0016,26,604.7692307692307,0.6368797868797869,0.41432975168891467,0.3209516598748436,Health & Fitness,False,False,No,100K-1M
app_0017,26,1771.8846153846155,0.9557692307692308,0.4275730527878696,0.2540884076590979,Health & Fitness,False,True,No,100K-1M
app_0018,26,778.4230769230769,0.682142857142857,0.277026876226672,0.5068049604540021,Lifestyle,False,True,No,10K-100K
app_0019,26,929.1153846153846,1.0,0.38637021663083626,0.2560776672006906,Health & Fitness,False,True,No,10K-100K
app_0020,25,2769.84,0.8592372197282683,0.5395586263363343,0.4097295118032684,Health & Fitness,True,True,No,10M+
app_0021,26,1453.1538461538462,0.8707331193190921,0.3570651477563581,0.4445329033345278,Health & Fitness,False,True,No,100K-1M
app_0022,26,587.5,0.6799145299145299,0.3712052792447933,0.5374268132088602,Health & Fitness,False,True,No,1K-10K
app_0023,26,1185.1538461538462,0.7058150183150182,0.35252060844903405,0.2695898345648913,Medical,False,True,No,1K-10K
app_0024,26,3521.9615384615386,0.8925685111771084,0.5370533679203858,0.5030488916617717,Health & Fitness,False,True,Yes,10M+
app_0025,26,804.1153846153846,0.8893578643578643,0.4482383039356467,0.4316781456385618,Health & Fitness,False,True,No,10K-100K
app_0026,26,3079.076923076923,0.7095032104647488,0.19305001846216002,0.512414864032843,Productivity,False,False,Yes,1M-10M
app_0027,26,651.1923076923077,0.6739885114885115,0.36161153897315845,0.3923382010967042,Health & Fitness,False,True,No,100K-1M
app_0028,12,1345.75,0.7503787878787879,0.4272302701454016,0.4065235956923299,Health & Fitness,True,True,No,100K-1M
app_0029,26,1232.5,0.8926519966961143,0.6017157956742515,0.2826348653473802,Health & Fitness,True,True,Yes,1M-10M
app_0030,26,388.11538461538464,0.7713522588522589,0.4529771807521056,0.4791693373054416,Health & Fitness,True,True,No,1K-10K
app_0031,26,1409.923076923077,0.8819519769016674,0.6506946300804859,0.1880465184467139,Health & Fitness,False,True,Yes,1M-10M
app_0032,26,2471.153846153846,0.8013313609467456,0.4488385758052251,0.4972623988242173,Parenting,False,True,No,1M-10M
app_0033,26,576.2692307692307,0.843894993894994,0.2599086249457104,0.42113933631659084,Health & Fitness,False,True,No,1K-10K
app_0034,26,463.2692307692308,1.0,0.43389616773671896,0.5163065715680489,Health & Fitness,False,True,Yes,1M-10M
app_0035,26,4832.576923076923,0.8033674281977449,0.22037547660201243,0.4256393685843743,Health & Fitness,False,True,No,10K-100K
app_0036,26,1862.6153846153845,0.6542707292707293,0.2996498536130343,0.3803127371364758,Health & Fitness,True,True,Yes,10M+
app_0037,26,442.88461538461536,1.0,0.3038049844702585,0.4569784170690996,Health & Fitness,False,True,No,10K-100K
app_0038,25,568.6,0.934888888888889,0.2965572615510903,0.4132219030671876,Health & Fitness,False,True,No,10K-100K
app_0039,26,1518.6153846153845,0.6991331318254395,0.35310099900767256,0.5996770424589292,Health & Fitness,False,False,No,10K-100K
app_0040,26,598.0,0.6635531135531136,0.27680398013116775,0.4206519020786214,Medical,False,False,No,100K-1M
app_0041,26,439.5769230769231,0.9179877140403456,0.41865937573615997,0.4713407312750809,Education,False,False,No,10K-100K
app_0042,25,1300.72,0.8757445887445887,0.5933426209847473,0.3289381281266161,Health & Fitness,False,True,No,100K-1M
app_0043,26,410.61538461538464,0.7641025641025642,0.33505303556543947,0.3992511474258128,Health & Fitness,True,True,No,100K-1M
app_0044,26,928.8846153846154,0.9418192918192918,0.5765811465290751,0.3132633420010103,Health & Fitness,True,False,No,10M+
app_0045,26,1236.923076923077,0.7717796092796093,0.5391798831067779,0.3809300679484349,Health & Fitness,True,True,No,10M+
app_0046,26,2662.6153846153848,0.7320245993322916,0.4465165649894315,0.5672139098121606,Health & Fitness,True,True,Yes,10M+
app_0047,26,932.3846153846154,0.6326253874330797,0.33072400949189473,0.4352109832043914,Health & Fitness,False,True,Yes,1M-10M
app_0048,26,1078.7692307692307,0.9588578088578088,0.6073810777000953,0.2990281481830492,Health & Fitness,True,False,No,10M+
app_0049,26,429.5,0.6227564102564103,0.4195322365102153,0.4782362744066553,Health & Fitness,False,False,Yes,1M-10M
app_0050,26,570.3846153846154,0.6904761904761905,0.7243485277243743,0.2373929993665322,Health & Fitness,False,False,Yes,1M-10M
app_0051,26,475.61538461538464,0.606043956043956,0.40781335045711986,0.5029969835720348,Lifestyle,False,False,No,1M-10M
app_0052,26,1036.2692307692307,0.7467948717948718,0.351167748054964,0.4021310757964139,Health & Fitness,True,True,Yes,10M+
app_0053,26,356.0769230769231,1.0,0.3715520568736649,0.4645969076444957,Health & Fitness,False,True,No,10K-100K
app_0054,25,871.84,0.9129365079365079,0.36547201215284597,0.4152712442453275,Health & Fitness,False,True,No,100K-1M
app_0055,26,538.9615384615385,0.9145299145299146,0.340560084529419,0.3951300887071587,Health & Fitness,False,True,No,10K-100K
app_0056,26,872.3076923076923,0.8939463314463314,0.24622053152917237,0.43784433168398745,Health & Fitness,False,True,No,10M+
app_0057,26,996.0,0.8900446775446775,0.4846914308205691,0.2703325898618755,Medical,False,False,No,100K-1M
app_0058,26,676.0769230769231,0.8621031746031746,0.29389451127560207,0.49798852850503483,Health & Fitness,False,True,No,10K-100K
app_0059,26,755.8461538461538,0.8316253191253191,0.5206260662935039,0.336909630175823,Health & Fitness,False,True,Yes,1M-10M
app_0060,26,1510.423076923077,0.8407916869455332,0.2834872373852556,0.4800708384359359,Health & Fitness,False,True,No,1M-10M
app_0061,26,289.7692307692308,1.0,0.47679579573760306,0.41910896310819024,Medical,False,False,No,100K-1M
app_0062,26,1572.1923076923076,0.9237826372114297,0.4801268463315796,0.4385462870788961,Health & Fitness,False,True,No,100K-1M
app_0063,26,935.5769230769231,0.8024138254907486,0.3529014603101234,0.6173466964114802,Health & Fitness,False,True,No,100K-1M
app_0064,26,1718.9615384615386,0.6872100122100122,0.41952008967272436,0.41955890946451785,Health & Fitness,False,True,No,10K-100K
app_0065,26,1864.0384615384614,0.8981157731157731,0.5139498874167743,0.3239755775438781,Health & Fitness,False,True,No,10M+
app_0066,25,335.72,0.8382380952380953,0.3074662097731247,0.3768916834268727,Health & Fitness,False,False,No,100K-1M
app_0067,26,996.7307692307693,0.7966261302799764,0.4809534150523615,0.47322629048043485,Medical,False,False,No,100K-1M
app_0068,26,462.7692307692308,1.0,0.3258493062078822,0.4380520910193025,Health & Fitness,False,True,No,10K-100K
app_0069,26,1479.923076923077,1.0,0.4527168278288206,0.3478004489578803,Health & Fitness,False,True,No,100K-1M
app_0070,26,368.0,0.9407051282051283,0.4202998505747215,0.3624294033496846,Medical,False,True,No,10M+
app_0071,26,520.2692307692307,0.7697802197802197,0.3222936786617859,0.4320425513930869,Medical,False,True,No,10K-100K
app_0072,17,1231.8235294117646,1.0,0.27566963603549155,0.5117449069362183,Education,False,False,No,10K-100K
app_0073,26,292.4230769230769,1.0,0.3120428046255076,0.32408992262301417,Medical,False,True,No,100K-1M
app_0074,26,437.96153846153845,0.9454059829059829,0.5359882169237693,0.2944775331005855,Health & Fitness,True,True,Yes,1M-10M
app_0075,26,622.8076923076923,1.0,0.649937209471684,0.3798988807446746,Medical,True,False,No,100K-1M
app_0076,25,446.16,0.6604227994227995,0.28497483831530035,0.482807134166742,Medical,False,True,No,1M-10M
app_0077,25,602.2,1.0,0.36159174100546054,0.48602248996279956,Health & Fitness,False,False,No,1M-10M
app_0078,26,433.3076923076923,0.7405677655677656,0.3803895906079314,0.4478306503557877,Lifestyle,False,False,No,1K-10K
app_0079,26,350.2307692307692,0.9496794871794871,0.5384975482245238,0.305429030798799,Health & Fitness,True,True,No,10K-100K
app_0080,26,477.34615384615387,0.7610500610500611,0.5363221126686999,0.3105678548588409,Medical,False,False,No,10M+
app_0081,26,443.2307692307692,0.9567307692307693,0.3515382779184123,0.4073810063545587,Health & Fitness,True,False,No,10K-100K
app_0082,26,1229.3461538461538,0.9565850815850816,0.605993082805438,0.3059477284200263,Health & Fitness,False,True,No,100K-1M
app_0083,26,492.53846153846155,0.8053571428571428,0.2979456497734404,0.4830133031263,Health & Fitness,False,False,No,10K-100K
app_0084,26,1028.576923076923,1.0,0.17142226026612603,0.3729297911196633,Medical,False,True,No,100K-1M
app_0085,25,966.24,1.0,0.34697753976982765,0.3178558455891613,Medical,False,True,Yes,1M-10M
app_0086,26,1423.6153846153845,1.0,0.5090175768724752,0.3889072931185671,Health & Fitness,False,True,No,1M-10M
app_0087,26,403.61538461538464,0.6901404151404151,0.38801172959998365,0.5179554929028518,Health & Fitness,False,True,Yes,1M-10M
app_0088,26,257.84615384615387,1.0,0.37009013637820376,0.35908327736458,Health & Fitness,False,True,Yes,1M-10M
app_0089,25,1231.88,0.7033892773892774,0.32321763331416314,0.45310318215457374,Medical,False,False,Yes,10M+
app_0090,1,4088.0,0.8333333333333334,0.5696902654867256,,Medical,False,False,No,1M-10M
app_0091,9,910.2222222222222,0.6552910052910053,0.3515154446230314,0.4585515958676234,Medical,False,False,No,100K-1M
app_0092,26,596.1153846153846,0.7747863247863248,0.41453397243442563,0.48245853937618144,Medical,False,False,No,10K-100K
app_0093,26,461.11538461538464,1.0,0.3660776101897989,0.4606354879587999,Education,False,True,No,1K-10K
app_0094,26,2143.1923076923076,0.8071581196581197,0.6894397697485524,0.3107089976788813,Health & Fitness,False,True,No,100K-1M
app_0095,26,270.61538461538464,1.0,0.33201339372841143,0.3482796429726372,Medical,False,True,No,100K-1M
app_0096,26,242.30769230769232,0.9391025641025641,0.40032087756098,0.2697791861664935,Medical,False,True,No,100K-1M
app_0097,26,1061.8461538461538,0.8053943919328534,0.4715707488910417,0.2884701964683536,Medical,False,False,No,100K-1M
app_0098,26,324.1923076923077,1.0,0.4215020887634283,0.4063904705320146,Health & Fitness,False,False,No,1M-10M
app_0099,25,1862.28,0.9411164587046938,0.25531736759692447,0.3402023268491501,Health & Fitness,True,True,Yes,10M+
app_0100,9,871.0,0.9444444444444444,0.3221798107113991,0.3363995597308129,Health & Fitness,False,True,Yes,1M-10M
app_0101,25,1180.36,0.7982164502164503,0.37284264749707274,0.4446499002994864,Medical,False,False,No,100K-1M
app_0102,26,1867.6153846153845,0.7229114902191826,0.237925741787909,0.5885371428573195,Medical,False,False,No,100K-1M
app_0103,26,940.5769230769231,0.7867636699650274,0.43643203382943335,0.2821629923470393,Medical,False,False,No,100K-1M
app_0104,26,1243.2692307692307,0.8332452803606649,0.4253515070848057,0.3209752893112007,Health & Fitness,False,True,No,1K-10K
app_0105,26,479.6923076923077,0.6952122663661124,0.2870398577236371,0.4899047429823998,Health & Fitness,False,True,No,10K-100K
app_0106,25,1376.0,0.9768312447786133,0.2303211452594511,0.4804907013510868,Health & Fitness,False,True,Yes,1M-10M
app_0107,26,333.5769230769231,0.9159798534798534,0.38163731213105273,0.3206999808164699,Medical,True,True,No,100K-1M
app_0108,26,1700.7307692307693,0.8963773971126912,0.6140313915201967,0.2313630274069745,Health & Fitness,False,True,No,100K-1M
app_0109,26,718.0,0.8447344322344322,0.25148822513544494,0.320064279077718,Health & Fitness,False,True,No,100K-1M
app_0110,26,261.7692307692308,1.0,0.40764390609343637,0.3499106696633755,Health & Fitness,False,False,No,10K-100K
app_0111,26,382.8076923076923,0.7686813186813186,0.4846912273135971,0.3393413426516362,Health & Fitness,True,True,No,1K-10K
app_0112,26,792.8846153846154,0.6190434565434566,0.20104293290599567,0.41471357586333835,Health & Fitness,False,True,No,1M-10M
app_0113,26,543.7307692307693,1.0,0.33379593357256654,0.3661850962230658,Health & Fitness,True,True,No,10K-100K
app_0114,26,464.7692307692308,1.0,0.43659484108100266,0.2735362828594057,Health & Fitness,False,True,No,100K-1M
app_0115,26,210.34615384615384,1.0,0.4125682894624625,0.3241767415128568,Lifestyle,False,True,No,100K-1M
app_0116,26,1378.2692307692307,0.9628576551653475,0.45586385834910037,0.3892673379062538,Health & Fitness,False,True,Yes,1M-10M
app_0117,26,531.8076923076923,0.7057844932844932,0.5038514280019246,0.4253969455413197,Health & Fitness,False,False,No,1M-10M
app_0118,26,644.9615384615385,0.7603174603174604,0.572192496879443,0.3106629804908249,Lifestyle,False,True,No,1M-10M
app_0119,26,376.61538461538464,0.778937728937729,0.4290580043171665,0.3067595948061104,Health & Fitness,True,True,No,1M-10M
app_0120,26,562.3461538461538,0.8198870573870575,0.5786804258887758,0.3325751939965409,Medical,False,True,No,10K-100K
app_0121,26,366.0769230769231,1.0,0.4485702168323815,0.4843797105514698,Health & Fitness,False,False,No,1K-10K
app_0122,26,321.53846153846155,0.9391025641025641,0.3118412371675484,0.3352921599027231,Medical,False,True,No,10K-100K
app_0123,26,480.1923076923077,0.936091686091686,0.5415063706395179,0.44738890585919766,Health & Fitness,True,True,No,100K-1M
app_0124,1,1164.0,1.0,0.3420560747663551,,Medical,True,True,No,1M-10M
app_0125,26,448.5769230769231,1.0,0.4212675977662684,0.4165788908384791,Parenting,False,True,No,10K-100K
app_0126,25,772.88,0.7849047619047619,0.3089364128998913,0.37304540673788045,Parenting,True,False,Yes,10M+
app_0127,26,480.84615384615387,0.790964590964591,0.3516097810220795,0.3744482172052979,Health & Fitness,False,True,No,100K-1M
app_0128,3,447.3333333333333,0.6464285714285715,0.20572670267585522,0.2854015571395216,Health & Fitness,False,False,No,10K-100K
app_0129,26,2052.730769230769,1.0,0.3145860137419124,0.6404909075913329,Lifestyle,True,True,Yes,1M-10M
app_0130,25,412.24,1.0,0.4359502447111726,0.5031325309301702,Medical,False,False,No,100K-1M
app_0131,26,990.1538461538462,0.8240662115662116,0.2962618630251783,0.3966053620446179,Health & Fitness,False,True,No,100K-1M
app_0132,25,295.16,0.7876190476190476,0.404231413824095,0.4069040171434537,Medical,False,True,No,1K-10K
app_0133,26,734.0,0.9412721893491125,0.5400436182567125,0.4905853627778487,Food & Drink,True,True,No,1M-10M
app_0134,25,2287.44,0.8586984126984127,0.16943809637588256,0.4754635293714623,Health & Fitness,False,True,No,1M-10M
app_0135,10,466.5,0.6961904761904762,0.3507991764637479,0.6781342520437414,Medical,True,False,No,100K-1M
app_0136,26,329.1923076923077,0.7731684981684981,0.36169182914212783,0.307532452072677,Medical,True,True,No,100K-1M
app_0137,26,1073.923076923077,0.7862484737484737,0.22812370027755116,0.4657341481055052,Health & Fitness,False,True,No,1K-10K
app_0138,26,335.11538461538464,0.6839133089133089,0.4573167797138169,0.402821660050602,Health & Fitness,False,False,Yes,1M-10M
app_0139,26,411.0769230769231,1.0,0.39090271570199675,0.36034881700891536,Health & Fitness,False,True,Yes,1M-10M
app_0140,26,1305.5,0.9121919746919747,0.33225505821000184,0.6298435830184916,Health & Fitness,False,False,No,10K-100K
app_0141,26,524.8461538461538,0.7032967032967032,0.3940532626381049,0.48253815341413564,Health & Fitness,False,True,No,10K-100K
app_0142,26,652.9615384615385,0.6544871794871795,0.35038060194513687,0.4858281843458237,Medical,False,True,No,1M-10M
app_0143,25,696.84,0.8983261183261183,0.4409312676380291,0.3813931205631784,Health & Fitness,False,True,No,10K-100K
app_0144,26,497.7307692307692,0.8118104118104118,0.46570580713522536,0.4145556902535474,Medical,True,True,No,10M+
app_0145,26,804.1538461538462,0.853525641025641,0.30623076390682435,0.4259426172196813,Health & Fitness,False,True,No,1K-10K
app_0146,26,670.0,1.0,0.5212424428933763,0.4990837754349155,Medical,True,False,Yes,1M-10M
app_0147,26,375.2307692307692,0.6114010989010988,0.3821583180212474,0.4235125057419413,Health & Fitness,True,True,No,100K-1M
app_0148,26,660.3076923076923,0.7585414585414585,0.4813398338667588,0.3813887471586168,Health & Fitness,False,True,Yes,10M+
app_0149,26,495.7692307692308,0.7006105006105006,0.28707117335986515,0.3781779352747725,Health & Fitness,False,True,No,10K-100K
app_0150,26,1210.8076923076924,0.8940418555803172,0.44718384768585706,0.360946347600042,Health & Fitness,False,True,Yes,10M+
app_0151,26,225.96153846153845,1.0,0.4149130444193218,0.4019658723776499,Health & Fitness,True,False,No,100K-1M
app_0152,26,2703.5,1.0,0.37086389343374476,0.5148433330194512,Education,True,True,No,100K-1M
app_0153,26,282.46153846153845,1.0,0.31159689543720603,0.3220430003028963,Health & Fitness,False,True,No,10K-100K
app_0154,26,1380.923076923077,1.0,0.6017728652565828,0.2942461831001927,Health & Fitness,False,True,Yes,1M-10M
app_0155,25,514.92,1.0,0.3720336223000535,0.3880404973904021,Health & Fitness,True,True,Yes,1M-10M
app_0156,26,986.8076923076923,1.0,0.647510034923777,0.269873051545073,Health & Fitness,True,False,No,10M+
app_0157,26,1541.3461538461538,0.8221058541759899,0.43269891324736093,0.4195375809851033,Education,True,True,No,10M+
app_0158,26,2046.0,0.9212422036234253,0.20048014946646125,0.3676655172397636,Health & Fitness,False,True,No,1M-10M
app_0159,26,1021.0384615384615,0.7427655677655678,0.3598859012747697,0.3821361040281423,Health & Fitness,False,False,No,100K-1M
app_0160,25,635.72,0.842031746031746,0.3618001469662602,0.3753858179593987,Health & Fitness,True,True,Yes,1M-10M
app_0161,25,395.8,0.8194848484848485,0.45859145652362854,0.3896624887663115,Health & Fitness,False,False,No,100K-1M
app_0162,26,994.6153846153846,0.9157118522503139,0.6360928757499481,0.3746951141920102,Health & Fitness,False,False,No,10K-100K
app_0163,26,232.1153846153846,0.7788461538461539,0.33560390588946276,0.2920125806933028,Health & Fitness,False,True,No,100K-1M
app_0164,6,218.33333333333334,1.0,0.21704894291120838,0.2276806372109067,Health & Fitness,False,True,No,10K-100K
app_0165,26,254.34615384615384,0.6211538461538461,0.38934928973740174,0.359494463388538,Health & Fitness,False,True,No,10K-100K
app_0166,26,251.3846153846154,0.6130494505494505,0.40783230706554685,0.3652317718983363,Health & Fitness,False,True,No,100K-1M
app_0167,26,891.2307692307693,0.8871642246642246,0.2812638562301041,0.3088039250088104,Health & Fitness,False,True,No,100K-1M
app_0168,17,1023.8823529411765,0.8400263135557253,0.5976650625775733,0.2844100777220074,Health & Fitness,False,False,No,10K-100K
app_0169,26,967.6538461538462,0.7104118104118105,0.35635403893746137,0.3074358722666082,Health & Fitness,True,False,No,1K-10K
app_0170,26,1260.2307692307693,0.8754930966469427,0.5706531156982957,0.4448041454548163,Health & Fitness,False,True,No,100K-1M
app_0171,26,500.46153846153845,0.7616300366300366,0.2846064500813973,0.3255065204003965,Health & Fitness,False,True,No,10K-100K
app_0172,26,477.0769230769231,1.0,0.6197214775177736,0.2963793763755752,Medical,False,True,No,100K-1M
app_0173,26,343.84615384615387,0.6342983939137785,0.43647705902191913,0.4870505926895921,Health & Fitness,False,False,No,1K-10K
app_0174,26,716.6153846153846,0.760989010989011,0.4915049695092088,0.4429585652264383,Health & Fitness,False,True,No,100K-1M
app_0175,25,733.52,0.7191428571428571,0.2730216434387321,0.4404936159105858,Health & Fitness,True,True,No,100K-1M
app_0176,26,652.4230769230769,0.8389194139194139,0.4766334152892781,0.3764101543053855,Health & Fitness,False,True,No,100K-1M
app_0177,26,3969.3846153846152,0.8565021516944593,0.2715422375135159,0.4569233916040084,Health & Fitness,False,True,No,100K-1M
app_0178,26,4387.384615384615,0.7361941477326093,0.31449893864123474,0.5945962573476,Medical,False,False,No,100K-1M
app_0179,26,727.4615384615385,0.747130647130647,0.2194461268917638,0.3011680082056376,Medical,False,False,No,1K-10K
app_0180,25,258.28,1.0,0.4466827662187835,0.38222912880297794,Health & Fitness,False,True,No,10K-100K
app_0181,26,479.4230769230769,0.9535256410256411,0.3017662167084605,0.2329631633987981,Health & Fitness,False,True,No,100K-1M
app_0182,26,1131.4615384615386,0.9001864965100259,0.3274772546265142,0.3937683218593238,Health & Fitness,False,True,No,100K-1M
app_0183,26,1048.5,0.9385683760683761,0.3341975028863702,0.3626678954458227,Health & Fitness,False,True,No,100K-1M
app_0184,26,589.3846153846154,1.0,0.37556186676751313,0.48302263391614414,Medical,False,True,No,10K-100K
app_0185,26,1811.4615384615386,0.8273542696619619,0.32084204554260126,0.5244729625341422,Health & Fitness,False,True,No,1K-10K
app_0186,26,933.1153846153846,0.6363095238095238,0.17317455531887654,0.3129618421681348,Education,False,False,No,1M-10M
app_0187,26,282.11538461538464,1.0,0.4664331797445749,0.3929857372041586,Health & Fitness,False,True,No,10K-100K
app_0188,26,277.0769230769231,1.0,0.4423912004989696,0.4075951371008084,Health & Fitness,False,False,No,100K-1M
app_0189,26,947.7307692307693,0.6924908424908426,0.3211720342040267,0.5151669156963441,Health & Fitness,False,True,No,100K-1M
app_0190,26,297.1923076923077,0.6733516483516483,0.3574359570248686,0.429230231857708,Medical,True,True,No,100K-1M
app_0191,26,1571.076923076923,0.8321973652290394,0.3623903297225317,0.3735908073661622,Health & Fitness,False,True,No,10M+
app_0192,26,494.9230769230769,0.70503663003663,0.30784230060179474,0.4169907420089111,Health & Fitness,False,True,No,10K-100K
app_0193,26,476.11538461538464,0.6995949563257255,0.5110303402390758,0.41782520060768913,Health & Fitness,False,True,No,100K-1M
app_0194,26,371.5769230769231,0.6869352869352869,0.26688386403123526,0.3137111858312301,Health & Fitness,False,True,No,100K-1M
app_0195,26,280.3076923076923,0.42527472527472526,0.4084816398667652,0.3376107668088404,Medical,False,False,No,1K-10K
app_0196,26,266.5769230769231,0.6411172161172161,0.46038406173265667,0.3847588932637213,Medical,False,True,No,100K-1M
app_0197,26,1632.076923076923,0.9425904977375565,0.3929035466447081,0.4406396129103163,Health & Fitness,False,True,No,100K-1M
app_0198,26,570.5,0.8926379176379177,0.6908891992618043,0.271720673201329,Health & Fitness,True,True,Yes,1M-10M
app_0199,26,435.0,0.6127289377289377,0.33690663496550105,0.4544248368323044,Medical,False,False,No,1M-10M
app_0200,26,680.4615384615385,0.7633648655662826,0.38697449176088383,0.4756584144925521,Medical,False,False,Yes,1M-10M
app_0201,25,388.6,0.8321904761904761,0.364141353808651,0.36804170445703865,Health & Fitness,False,False,Yes,1M-10M
app_0202,26,327.34615384615387,0.4485805860805861,0.29780922126717047,0.3320546041242481,Health & Fitness,False,False,No,100K-1M
app_0203,26,250.0,0.6643772893772893,0.3551214146015991,0.35762783812488863,Education,False,False,No,1M-10M
app_0204,26,392.9230769230769,0.7172771672771673,0.5545481675301536,0.3107295080646012,Health & Fitness,True,True,No,10K-100K
app_0205,15,419.4,0.9604273504273504,0.2683160819604813,0.3314297333100129,Health & Fitness,False,True,No,1K-10K
app_0206,26,373.0769230769231,0.7503968253968254,0.5311162969172344,0.3573245501553881,Lifestyle,True,True,No,10K-100K
app_0207,26,391.7692307692308,0.7735347985347985,0.42628567456824334,0.4281405333013503,Health & Fitness,True,True,No,1M-10M
app_0208,26,569.5,0.8011141636141635,0.48989509918623175,0.3871937294016423,Health & Fitness,True,True,No,100K-1M
app_0209,26,443.6923076923077,0.6866452991452991,0.6471143298292316,0.22799333231910188,Health & Fitness,True,True,No,10M+
app_0210,26,2193.846153846154,0.9489434907198065,0.18586387575581037,0.3203536222478315,Health & Fitness,False,True,Yes,1M-10M
app_0211,26,370.1923076923077,1.0,0.29607402754762113,0.4237400206491345,Education,False,False,No,10K-100K
app_0212,26,368.61538461538464,0.9136904761904762,0.5209913724431366,0.3535954385356277,Health & Fitness,False,False,No,100K-1M
app_0213,25,296.36,1.0,0.3740653129008599,0.33455220655551604,Lifestyle,True,True,Yes,1M-10M
app_0214,26,585.6923076923077,0.9417735042735043,0.35821585175680987,0.41076582156420816,Health & Fitness,True,True,Yes,1M-10M
app_0215,26,477.2307692307692,0.7903846153846155,0.3352773162821126,0.4368238460998371,Health & Fitness,False,False,No,10K-100K
app_0216,26,298.15384615384613,0.6772588522588522,0.416875337089045,0.4390367188647566,Health & Fitness,False,True,No,100K-1M
app_0217,26,637.9615384615385,0.9311480186480187,0.3627580515563262,0.32257442368913164,Medical,False,True,No,100K-1M
app_0218,26,1369.2692307692307,1.0,0.6704929998025609,0.1923628089779424,Health & Fitness,False,True,No,100K-1M
app_0219,26,1252.5384615384614,0.7779151404151404,0.32362496152505865,0.49061210350301,Education,True,True,Yes,1M-10M
app_0220,26,777.3461538461538,0.9597453828223059,0.7271957434398632,0.1983699357729085,Health & Fitness,True,True,No,10K-100K
app_0221,3,1526.6666666666667,0.8376068376068376,0.34081424215008743,0.2485275347471584,Medical,False,False,Yes,1M-10M
app_0222,26,960.4615384615385,0.8777153402153401,0.265131057688594,0.3718650400002783,Health & Fitness,False,True,Yes,1M-10M
app_0223,26,1170.3461538461538,0.8788752913752914,0.257281893167706,0.4020203929222422,Health & Fitness,False,True,No,100K-1M
app_0224,26,232.65384615384616,1.0,0.36571349379299384,0.3652260223200001,Productivity,True,True,No,10K-100K
app_0225,26,284.96153846153845,1.0,0.38030545700809476,0.3665987505914652,Productivity,True,True,No,10K-100K
app_0226,26,532.5769230769231,0.8384448884448884,0.6262426464761648,0.2046021724640586,Health & Fitness,False,True,No,10K-100K
app_0227,26,330.11538461538464,0.9288003663003663,0.38956392040733256,0.32451400046030404,Health & Fitness,True,True,Yes,1M-10M
app_0228,26,2623.3846153846152,0.6481518481518482,0.7000634655097062,0.2871849566640215,Health & Fitness,True,True,Yes,1M-10M
app_0229,26,234.84615384615384,1.0,0.41361052320484926,0.4028614764630533,Health & Fitness,False,False,No,10K-100K
app_0230,26,298.84615384615387,0.6733516483516483,0.32381988576389936,0.36400286634280377,Health & Fitness,False,True,No,10K-100K
app_0231,26,1578.5384615384614,0.8473443223443223,0.34873542318107525,0.47365048681356814,Health & Fitness,True,True,No,1M-10M
app_0232,26,562.5,0.8286172161172162,0.5345529345247606,0.41532357887139504,Health & Fitness,True,True,No,1M-10M
app_0233,26,362.2307692307692,0.843360805860806,0.3362455884582764,0.39653848854818363,Medical,True,False,Yes,1M-10M
app_0234,26,585.7692307692307,0.8337551337551338,0.505361555541853,0.4539963749070001,Health & Fitness,False,False,No,10K-100K
app_0235,26,522.7692307692307,0.6500249750249749,0.3015494499116275,0.448189607653377,Medical,False,False,No,100K-1M
app_0236,26,345.0769230769231,0.7638736263736264,0.4359884837197867,0.40735217064271406,Parenting,True,True,Yes,1M-10M
app_0237,26,855.6923076923077,0.7770604395604396,0.20086687649567747,0.3553048539276562,Health & Fitness,False,True,No,100K-1M
app_0238,26,1883.3461538461538,0.9679725331428117,0.7403400515873374,0.2992170341241382,Food & Drink,False,True,Yes,1M-10M
app_0239,26,703.7307692307693,0.925442612942613,0.24354198512077388,0.5016896090205406,Health & Fitness,False,True,Yes,1M-10M
app_0240,26,778.9615384615385,1.0,0.32059859580500544,0.4776432998532265,Food & Drink,True,True,No,100K-1M
app_0241,26,776.3461538461538,1.0,0.32066102333358504,0.4421896315622733,Food & Drink,True,True,No,10K-100K
app_0242,25,786.0,0.6887692307692308,0.49184427644718604,0.3375083344430102,Health & Fitness,False,True,No,100K-1M
app_0243,26,1067.8076923076924,0.778982128982129,0.5411642004993112,0.3729612843829573,Education,True,True,No,1M-10M
app_0244,26,1811.3461538461538,0.8981158390377847,0.3904375900689692,0.3603954124066874,Health & Fitness,False,True,Yes,1M-10M
app_0245,26,284.11538461538464,0.7530677655677656,0.4165070023595909,0.3804201263451507,Health & Fitness,False,True,No,100K-1M
app_0246,26,939.3846153846154,0.8431337892876355,0.3480657364919887,0.3971426252054867,Health & Fitness,False,True,No,1M-10M
app_0247,26,1520.3461538461538,0.7189607401145862,0.21251946230787824,0.607559421678022,Health & Fitness,False,False,No,1K-10K
app_0248,26,581.6923076923077,0.7785103785103785,0.3018071272666589,0.4834557763788968,Health & Fitness,False,True,No,1K-10K
app_0249,25,460.24,1.0,0.5473785866721718,0.3407126329922087,Medical,False,False,No,100K-1M
app_0250,25,194.0,0.7731428571428571,0.47322216711810405,0.33696648578822563,Health & Fitness,False,True,No,10K-100K
app_0251,26,399.4230769230769,1.0,0.38878327865723084,0.4554366142162272,Medical,False,True,No,10K-100K
app_0252,26,277.4230769230769,0.7862637362637362,0.4060792222281662,0.3689739099381552,Lifestyle,False,True,No,10K-100K
app_0253,25,1196.28,0.7116623376623378,0.4974203362487002,0.4249004396244503,Medical,False,True,No,1M-10M
app_0254,26,490.1923076923077,0.8363095238095238,0.3233252631806855,0.4403025093166842,Health & Fitness,False,True,No,10K-100K
app_0255,26,690.3076923076923,1.0,0.5619163667603273,0.3134581865371647,Health & Fitness,False,True,No,100K-1M
app_0256,26,534.6538461538462,0.8453144078144079,0.3348942913861577,0.46574161402813996,Medical,True,False,No,100K-1M
app_0257,26,456.96153846153845,0.8318681318681319,0.3683550013911061,0.4497298360871246,Medical,True,True,No,100K-1M
app_0258,26,389.84615384615387,0.8398948273948275,0.39555737911785466,0.4704768168833106,Health & Fitness,False,True,No,<1K
app_0259,2,381.5,0.75,0.4382086167800454,0.348314606741573,Health & Fitness,False,False,No,10K-100K
app_0260,26,506.61538461538464,1.0,0.47286350242529784,0.3992636053676562,Health & Fitness,True,True,Yes,1M-10M
app_0261,26,707.2307692307693,0.9362179487179488,0.4986576220154197,0.321801977940689,Health & Fitness,True,True,No,1M-10M
app_0262,26,1220.2307692307693,0.777014652014652,0.3655775035853936,0.3739078793310816,Health & Fitness,True,True,Yes,10M+
app_0263,26,684.3076923076923,0.5802544677544678,0.4676191546320397,0.48193309817606217,Health & Fitness,False,True,No,1K-10K
app_0264,26,220.73076923076923,0.9326923076923077,0.4671827596394369,0.3761826968010805,Medical,False,False,No,10K-100K
app_0265,26,982.1923076923077,0.8521825396825397,0.6261946163059234,0.2942882817269575,Health & Fitness,False,True,No,1K-10K
app_0266,26,1889.8461538461538,0.8947940947940948,0.8366810717286536,0.1888882613174233,Health & Fitness,False,True,No,10K-100K
app_0267,25,526.44,0.8494126984126984,0.4009708437782071,0.5453867977648005,Health & Fitness,False,True,Yes,10M+
app_0268,26,741.7307692307693,0.7477994227994228,0.3554838423812464,0.3629766793978976,Health & Fitness,False,True,No,1K-10K
app_0269,18,834.3888888888889,0.4975308641975309,0.355291984684291,0.3781059985810948,Health & Fitness,False,True,No,10K-100K
app_0270,26,443.88461538461536,1.0,0.27571203550791695,0.3978109021932772,Health & Fitness,False,True,No,10K-100K
app_0271,26,449.4230769230769,0.6430860805860805,0.5637337320700012,0.3087680909569449,Medical,True,False,No,1M-10M
app_0272,26,719.4615384615385,0.7196081696081696,0.5936608104441841,0.2062036893732987,Health & Fitness,False,True,Yes,10M+
app_0273,26,1187.6538461538462,0.9670752324598479,0.46502661873961987,0.2967135801658948,Health & Fitness,False,True,No,100K-1M
app_0274,26,496.53846153846155,0.587433079740772,0.4922732484948299,0.3237776541032002,Health & Fitness,True,True,No,1M-10M
app_0275,26,374.6923076923077,0.5949175824175824,0.4289475179366581,0.4442621016068128,Health & Fitness,False,True,No,10M+
app_0276,26,1038.6153846153845,0.7991530779426708,0.2950947027409555,0.3870203848162638,Health & Fitness,False,True,Yes,1M-10M
app_0277,26,1904.2692307692307,0.8469091805630267,0.700940327715733,0.3303735222609094,Health & Fitness,False,True,Yes,10M+
app_0278,26,980.0,0.8437368187368187,0.5378463946990546,0.4713010034121865,Health & Fitness,False,True,No,100K-1M
app_0279,26,1083.1153846153845,0.8917651792651793,0.3350161956696342,0.44583595261310627,Health & Fitness,True,True,No,100K-1M
app_0280,26,2934.9615384615386,0.8744755244755246,0.6790008867421929,0.2787374109441035,Health & Fitness,False,True,No,10K-100K
app_0281,26,356.9230769230769,0.8330433455433456,0.4827342501303946,0.2549538894490222,Health & Fitness,False,True,No,100K-1M
app_0282,25,2311.84,0.8247161909298133,0.4485543548213154,0.5515603554767531,Health & Fitness,False,True,No,1M-10M
app_0283,26,303.3076923076923,0.7077228327228328,0.4853256446394427,0.4179863282940204,Health & Fitness,False,True,No,1M-10M
app_0284,26,311.61538461538464,0.8011904761904762,0.264341932122709,0.2654275936259639,Health & Fitness,True,True,No,100K-1M
app_0285,26,2646.846153846154,0.826270995218959,0.414545755326814,0.5478230508573771,Health & Fitness,False,True,No,100K-1M
app_0286,26,959.1538461538462,0.9100033356537881,0.5328402331077704,0.2145288192821638,Health & Fitness,False,True,No,1K-10K
app_0287,26,414.11538461538464,0.8870726495726496,0.511602926153394,0.3331410683213865,Health & Fitness,False,False,No,10K-100K
app_0288,26,1695.7692307692307,0.8400562484272892,0.2538249817539807,0.3906936558505375,Food & Drink,False,True,Yes,1M-10M
app_0289,26,913.5,0.8756105006105006,0.49950981541601347,0.2424468120049729,Health & Fitness,False,True,No,1K-10K
app_0290,14,655.3571428571429,1.0,0.4432023291481607,0.3047413542777327,Health & Fitness,False,True,No,10K-100K
app_0291,26,1376.1153846153845,0.8453296703296703,0.1616479225026219,0.5136421224773182,Health & Fitness,False,True,Yes,1M-10M
app_0292,26,626.2307692307693,0.6771978021978022,0.39190449155056134,0.449423705880848,Health & Fitness,True,True,No,10M+
app_0293,26,223.96153846153845,0.6566849816849817,0.4126348975555208,0.3616555353186979,Health & Fitness,False,True,No,1M-10M
app_0294,26,287.11538461538464,1.0,0.3687437607762074,0.3732588000170187,Health & Fitness,False,True,No,10K-100K
app_0295,26,298.4230769230769,1.0,0.3392869349086493,0.3507612483537402,Health & Fitness,False,True,No,10K-100K
app_0296,26,438.15384615384613,1.0,0.4261452694476946,0.33324256746538655,Lifestyle,False,False,No,10K-100K
app_0297,26,1426.5384615384614,0.6686522148566684,0.3945767757578206,0.5936525066885396,Health & Fitness,False,True,No,1M-10M
app_0298,25,816.84,0.6043333333333333,0.5164498325654435,0.4550194161908107,Health & Fitness,False,True,No,10M+
app_0299,26,1224.1538461538462,0.9137524240465417,0.35932090366916125,0.336654362802926,Health & Fitness,False,True,No,<1K
app_0300,26,921.2692307692307,0.775470362970363,0.3232288193416649,0.4908832796839412,Health & Fitness,False,True,No,10K-100K
app_0301,26,2722.9615384615386,0.794221135199642,0.36672935211680735,0.4134228913044348,Lifestyle,False,True,Yes,1M-10M
app_0302,25,913.48,0.8160751879699248,0.3047660018596241,0.508544254575962,Health & Fitness,False,True,No,10M+
app_0303,26,941.0,0.9615384615384616,0.3682233372589703,0.4098197262490426,Health & Fitness,True,False,No,100K-1M
app_0304,26,420.11538461538464,0.9476495726495726,0.4280807227865005,0.4793795388904174,Health & Fitness,False,False,Yes,1M-10M
app_0305,26,266.3076923076923,0.9544413919413919,0.4918307991004618,0.4319487300726254,Health & Fitness,False,False,No,<1K
app_0306,26,1001.8846153846154,0.7594988344988345,0.5415012117393111,0.2449184126132267,Health & Fitness,False,True,No,100K-1M
app_0307,26,687.7307692307693,0.8377414252414253,0.5619737126961345,0.3426883768935382,Health & Fitness,False,True,No,10K-100K
app_0308,24,1332.0833333333333,0.6379235347985347,0.4262624057356639,0.3398816761680184,Medical,False,False,Yes,10M+
app_0309,26,375.15384615384613,0.7476190476190477,0.48913667150902934,0.3685108696090676,Health & Fitness,False,False,No,100K-1M
app_0310,26,1816.5384615384614,0.6853757353757354,0.480275051727662,0.5586415221690659,Health & Fitness,False,False,No,10M+
app_0311,26,323.5769230769231,0.8273351648351649,0.3876092857324091,0.37995594129095484,Health & Fitness,False,False,No,1K-10K
app_0312,25,214.32,1.0,0.37489182860156445,0.3167618475124412,Health & Fitness,False,False,No,100K-1M
app_0313,26,402.11538461538464,0.8496031746031746,0.485899438329548,0.2615579618801729,Education,False,True,No,100K-1M
app_0314,26,1743.9615384615386,0.8176337614120419,0.2726616996639548,0.3888534740545832,Parenting,True,False,Yes,1M-10M
app_0315,26,263.4230769230769,1.0,0.44315074914670755,0.3749420856216579,Health & Fitness,False,True,No,10K-100K
app_0316,25,1501.44,0.6874761904761904,0.3879190866437029,0.5469798322237237,Food & Drink,False,False,No,100K-1M
app_0317,26,857.8076923076923,1.0,0.28291072405698736,0.2553369875986589,Health & Fitness,False,True,No,100K-1M
app_0318,24,355.3333333333333,0.719770622895623,0.535674749671069,0.2816740946391259,Parenting,False,False,Yes,1M-10M
app_0319,26,326.84615384615387,0.6703296703296703,0.37177754529273643,0.4484323690129054,Health & Fitness,False,False,No,10K-100K
app_0320,26,440.34615384615387,0.7942765567765567,0.26818414513000277,0.3495722999250458,Health & Fitness,False,True,No,1K-10K
app_0321,26,617.2307692307693,0.7579384290922753,0.5871795796104528,0.2375322106972787,Health & Fitness,False,True,No,1K-10K
app_0322,8,222.5,0.49375,0.47931062465730556,0.3283911641478336,Medical,False,False,No,10K-100K
app_0323,26,1111.9615384615386,0.9134521116138763,0.6737516390649781,0.2243439905674341,Health & Fitness,False,True,Yes,1M-10M
app_0324,26,2263.5,0.7999891887900937,0.4438641961707788,0.5015173636862283,Health & Fitness,False,False,No,10M+
app_0325,26,292.5769230769231,0.7925824175824177,0.34394310688371355,0.3576535615744062,Health & Fitness,False,True,Yes,1M-10M
app_0326,26,1268.6923076923076,0.6354700854700854,0.5066545295533581,0.258984085932911,Medical,False,False,Yes,1M-10M
app_0327,26,1178.1538461538462,0.7945146475868076,0.5444051564508183,0.4100210351708214,Medical,False,True,Yes,1M-10M
app_0328,26,812.7307692307693,0.5855144855144855,0.4818668976368144,0.4662691566477503,Parenting,True,True,No,10M+
app_0329,25,1294.52,0.8368253968253968,0.436018813046662,0.44571556365749243,Health & Fitness,False,False,No,100K-1M
app_0330,26,680.1538461538462,0.7664798876337339,0.6546625711156542,0.2965193527567645,Health & Fitness,False,False,No,1M-10M
app_0331,26,606.4230769230769,0.527014652014652,0.5333218124879738,0.2956463189800037,Health & Fitness,False,False,No,100K-1M
app_0332,26,448.46153846153845,1.0,0.5028296024616782,0.4328362190426105,Health & Fitness,True,True,No,1K-10K
app_0333,26,1336.7692307692307,0.800225814116026,0.45372112831593964,0.3761791422902337,Medical,False,False,No,1M-10M
app_0334,26,959.1538461538462,0.6045742718819642,0.43865554346833946,0.4779339376503792,Health & Fitness,False,False,No,10K-100K
app_0335,26,838.0384615384615,0.8374542124542124,0.4365485465404699,0.32260141717192237,Health & Fitness,True,False,No,1M-10M
app_0336,26,1170.7692307692307,0.7742767915844838,0.21113206235054321,0.2883348345500203,Health & Fitness,False,False,No,100K-1M
app_0337,25,1283.56,0.7638354978354979,0.4104565279686745,0.46208865562014834,Health & Fitness,False,False,No,100K-1M
app_0338,25,1737.6,0.857897435897436,0.3328084738302263,0.5005221688102173,Health & Fitness,False,True,Yes,1M-10M
app_0339,26,357.2692307692308,1.0,0.3857699115596929,0.3980631305430918,Health & Fitness,False,False,No,10K-100K
app_0340,26,972.3461538461538,0.9291208791208792,0.5162553434504017,0.4754869201603151,Health & Fitness,True,True,No,1M-10M
app_0341,25,743.24,0.9366666666666668,0.5672489470961363,0.4610128071298001,Health & Fitness,True,True,No,1M-10M
app_0342,26,262.11538461538464,0.8330128205128206,0.4021145852933895,0.2966416264066298,Health & Fitness,False,True,No,1K-10K
app_0343,26,637.9615384615385,0.690630736784583,0.3689477164778194,0.5209961631359552,Health & Fitness,False,True,No,1K-10K
app_0344,26,1204.9615384615386,1.0,0.45572162317843196,0.3787880815199304,Health & Fitness,True,True,Yes,1M-10M
app_0345,26,1379.2692307692307,0.5645859921878021,0.31901477152412094,0.4093866811723656,Health & Fitness,False,True,No,10K-100K
app_0346,25,1268.68,0.7348210678210678,0.5049966620950542,0.4090932864040006,Health & Fitness,True,True,Yes,10M+
app_0347,26,736.5,0.831990231990232,0.33496630901525454,0.5072563372377747,Education,False,False,No,10K-100K
app_0348,26,362.15384615384613,1.0,0.38962673099291956,0.4048204171407062,Health & Fitness,False,True,No,100K-1M
app_0349,26,621.1538461538462,1.0,0.38009567191464616,0.3239599092242545,Medical,False,True,Yes,1M-10M
app_0350,26,427.34615384615387,0.8061682661230172,0.41327821568455264,0.4581023481502341,Health & Fitness,False,False,No,10K-100K
app_0351,26,436.38461538461536,0.4560439560439561,0.262421491138079,0.5079537519552513,Health & Fitness,False,False,Yes,1M-10M
app_0352,26,367.34615384615387,0.8331043956043955,0.35138519343584196,0.3927834899377594,Medical,True,True,No,100K-1M
app_0353,3,1049.6666666666667,0.7357142857142858,0.3663465843622506,0.6057531008415095,Health & Fitness,False,False,No,100K-1M
app_0354,26,639.7307692307693,0.6799367299367299,0.3356619429186965,0.5430033506929162,Health & Fitness,False,False,No,10K-100K
app_0355,26,287.5769230769231,0.8591727716727716,0.39750137510693523,0.34843277451693055,Medical,False,False,No,1M-10M
app_0356,26,409.7307692307692,0.6758241758241758,0.3204658882611575,0.3228726959018547,Health & Fitness,False,True,Yes,1M-10M
app_0357,26,526.6153846153846,0.8061507936507937,0.3282045753056204,0.340535264770717,Health & Fitness,False,True,No,1K-10K
app_0358,26,1432.1923076923076,0.6872211122211123,0.33918555026549707,0.2625955154241708,Health & Fitness,True,False,No,1M-10M
app_0359,26,794.5384615384615,0.6422008547008548,0.4373868380559661,0.3303980568877639,Health & Fitness,False,True,No,10K-100K
app_0360,26,556.9230769230769,0.4708180708180708,0.5290169975314036,0.4827160690881739,Health & Fitness,False,True,No,100K-1M
app_0361,26,244.19230769230768,0.6692307692307692,0.4357337190072111,0.401843121369585,Medical,False,False,No,100K-1M
app_0362,26,2656.0,0.6857142857142857,0.5018076458332859,0.35818465615966627,Medical,False,True,No,100K-1M
app_0363,26,219.5,0.6562271062271061,0.3935602960425939,0.349331348573588,Medical,False,False,No,10K-100K
app_0364,26,2545.0384615384614,0.7040112665112666,0.3595220555924075,0.5430524935939318,Health & Fitness,False,True,No,100K-1M
app_0365,26,359.5769230769231,0.7951007326007326,0.353427291680512,0.43423135262160567,Lifestyle,False,False,No,1K-10K
app_0366,26,368.11538461538464,0.6894735606274067,0.3716717062308295,0.4032371902046909,Health & Fitness,True,False,No,1M-10M
app_0367,26,334.9230769230769,1.0,0.35181405946459854,0.2980600594030367,Health & Fitness,False,True,No,100K-1M
app_0368,26,187.69230769230768,0.8403388278388279,0.5241698153518404,0.3521159235799729,Medical,False,False,No,10K-100K
app_0369,25,857.0,0.8213275613275612,0.2560202347094397,0.5049092838297284,Health & Fitness,False,True,No,100K-1M
app_0370,26,308.46153846153845,0.7688186813186813,0.33976970662481604,0.3694039302127551,Medical,False,True,No,10K-100K
app_0371,26,248.15384615384616,1.0,0.349925332036336,0.37218103005423775,Health & Fitness,False,False,No,1K-10K
app_0372,22,1235.1818181818182,0.8960399449035813,0.6403693206772901,0.3761283516084004,Medical,False,True,No,10K-100K
app_0373,26,1878.0,0.7260080347928645,0.18913297723536363,0.5375475015915109,Health & Fitness,False,True,No,100K-1M
app_0374,26,706.1538461538462,0.8999514374514374,0.43208553399882127,0.3932951114081677,Health & Fitness,True,True,Yes,1M-10M
app_0375,26,1761.5,0.8720501406587379,0.3408739334924458,0.3955485089332128,Health & Fitness,False,True,No,1M-10M
app_0376,26,614.6153846153846,1.0,0.4415070801468313,0.2564277390178946,Health & Fitness,True,True,No,100K-1M
app_0377,26,392.4230769230769,0.7851343101343102,0.4408550286054195,0.351171571479067,Health & Fitness,True,False,No,100K-1M
app_0378,26,1657.3846153846155,0.7694479665633511,0.4882817669575003,0.3580966140427807,Health & Fitness,False,True,No,100K-1M
app_0379,26,735.1153846153846,0.6479994364609749,0.38944476401663797,0.3681486639375789,Health & Fitness,False,True,No,100K-1M
app_0380,24,374.4583333333333,0.7727182539682539,0.3165028978527328,0.4139550164645225,Health & Fitness,True,True,No,100K-1M
app_0381,26,810.1923076923077,0.8880106130671741,0.5416309921095087,0.4519345561072946,Health & Fitness,False,True,No,1M-10M
app_0382,26,707.1538461538462,0.7168456543456543,0.3973455579769374,0.4602524565489618,Health & Fitness,False,True,No,10K-100K
app_0383,26,300.7692307692308,0.7100732600732601,0.35941647404995514,0.3617112016692464,Health & Fitness,False,True,No,10K-100K
app_0384,26,411.4230769230769,0.8419871794871795,0.334762888194302,0.4437743748981067,Health & Fitness,False,True,No,10K-100K
app_0385,26,360.65384615384613,0.8450854700854701,0.40455520688503743,0.36086293245122014,Medical,True,True,Yes,10M+
app_0386,26,1085.2692307692307,0.7857572982572982,0.396765815646057,0.4228402317825386,Medical,False,True,No,100K-1M
app_0387,26,822.6923076923077,0.836431623931624,0.28660072560881783,0.3261747808111535,Health & Fitness,True,True,Yes,1M-10M
app_0388,26,641.2692307692307,0.7056929181929181,0.4790507620855097,0.33726797794204405,Health & Fitness,True,True,Yes,1M-10M
app_0389,25,549.32,0.5998095238095238,0.38393167790785154,0.45049963112277003,Medical,False,False,Yes,1M-10M
app_0390,26,631.2692307692307,0.7286630036630037,0.5116720094119404,0.5506751163653497,Health & Fitness,False,False,No,10K-100K
app_0391,26,617.6923076923077,0.8577380952380953,0.44767004208215516,0.4082471037748616,Medical,False,True,No,1M-10M
app_0392,26,584.9230769230769,0.9471153846153846,0.3600936328491953,0.3109622386064387,Health & Fitness,False,True,No,10K-100K
app_0393,26,423.3076923076923,0.61510989010989,0.3327889193933252,0.4309907459882875,Health & Fitness,False,True,Yes,1M-10M
app_0394,26,483.4230769230769,0.780662393162393,0.35418701030548416,0.4182458017146005,Health & Fitness,False,True,No,100K-1M
app_0395,26,346.96153846153845,0.6654456654456654,0.34233475050170536,0.3629652830631051,Health & Fitness,False,True,No,1K-10K
app_0396,26,4765.653846153846,0.9185362714208869,0.49579794325397697,0.2891222848426434,Health & Fitness,True,True,Yes,1M-10M
app_0397,26,341.5769230769231,0.7968559218559219,0.37061453613090534,0.3614349765887236,Health & Fitness,False,True,No,100K-1M
app_0398,26,293.8076923076923,0.6121336996336996,0.39134464731031343,0.3779656040250964,Health & Fitness,False,True,No,1K-10K
app_0399,26,454.65384615384613,1.0,0.343604244814881,0.357449247923053,Food & Drink,True,True,Yes,1M-10M
app_0400,26,374.53846153846155,1.0,0.3255594003979591,0.4078886167244844,Education,True,True,No,10K-100K
app_0401,26,398.8076923076923,1.0,0.24375649456808895,0.38950903903070294,Health & Fitness,True,False,No,10M+
app_0402,26,1588.7692307692307,0.9414210347072856,0.3319457414510415,0.34943193333313516,Health & Fitness,True,True,Yes,1M-10M
app_0403,26,293.5769230769231,1.0,0.3275828078523835,0.2988464532107967,Lifestyle,False,True,No,10K-100K
app_0404,26,328.53846153846155,1.0,0.2894252896883464,0.3252513394156761,Health & Fitness,False,True,No,100K-1M
app_0405,25,498.2,0.5836147186147186,0.31937153634113147,0.3867290159732669,Medical,True,False,Yes,1M-10M
app_0406,26,1296.7692307692307,1.0,0.6934338584877089,0.2432512858619895,Health & Fitness,True,False,No,10M+
app_0407,26,273.96153846153845,1.0,0.5722121056767752,0.3124787922268293,Medical,True,True,No,100K-1M
app_0408,26,362.2307692307692,1.0,0.38323453792717993,0.474587319353548,Health & Fitness,True,True,No,100K-1M
app_0409,26,4449.384615384615,0.810111216821083,0.38042833885848626,0.6714850673194521,Health & Fitness,True,True,No,1M-10M
app_0410,18,714.0,0.5827380952380952,0.577939593467901,0.3688999898040729,Health & Fitness,False,True,No,1K-10K
app_0411,26,1737.423076923077,0.8373520710059172,0.7645320295183305,0.472347438379222,Health & Fitness,False,True,No,100K-1M
app_0412,1,513.0,0.9285714285714286,0.7312775330396476,,Health & Fitness,False,True,No,100K-1M
app_0413,26,1319.576923076923,0.810323917535456,0.2337597998100849,0.3755396919214279,Health & Fitness,False,True,No,1M-10M
app_0414,26,2386.9615384615386,0.8790298376836838,0.07419444575915012,0.3184123850778465,Health & Fitness,False,True,No,1M-10M
app_0415,26,1233.576923076923,0.8870254208296005,0.18261389258773877,0.4030480503650634,Medical,False,True,No,100K-1M
app_0416,26,359.34615384615387,0.6709401709401709,0.396763744172109,0.4165824147991924,Medical,False,True,No,100K-1M
app_0417,26,269.5769230769231,0.6522893772893773,0.3754144969159717,0.3902186766660006,Medical,False,True,No,100K-1M
app_0418,26,492.5,0.6786019536019535,0.38228453825346725,0.4498759491631334,Medical,False,True,No,100K-1M
app_0419,26,285.88461538461536,0.6657509157509158,0.3543393498648075,0.3834189995961398,Medical,False,True,No,100K-1M
app_0420,26,287.6923076923077,0.6642857142857144,0.38473835433232606,0.4033922072706675,Health & Fitness,False,True,No,10K-100K
app_0421,26,452.8076923076923,0.7405372405372405,0.5768030233369447,0.4187704131414178,Medical,False,True,No,10K-100K
app_0422,26,332.1923076923077,0.7551282051282051,0.6432647538275881,0.33164218311816324,Medical,False,True,No,100K-1M
app_0423,26,368.7692307692308,0.7153540903540903,0.5781794702707825,0.3294657520788959,Medical,False,True,No,10K-100K
app_0424,26,369.2692307692308,0.7022741147741147,0.5785041917312507,0.3492254625694775,Medical,False,True,No,1K-10K
app_0425,26,439.7307692307692,0.709489121989122,0.5596724777314742,0.3430913050465478,Medical,False,True,No,10K-100K
app_0426,26,385.3076923076923,0.7572954822954823,0.5855546060067941,0.32250819880629666,Medical,False,True,No,1K-10K
app_0427,26,426.7692307692308,0.7582084582084582,0.5643243636222804,0.3675378685815236,Medical,False,True,No,1K-10K
app_0428,26,828.4230769230769,0.7549603174603174,0.5546419621062985,0.3948803421291125,Medical,False,True,No,1K-10K
app_0429,26,527.8846153846154,0.7539377289377289,0.5416660256777814,0.40852901277497444,Medical,False,True,No,1K-10K
app_0430,26,799.3846153846154,0.7593101343101344,0.5527936000312677,0.40243810469057945,Medical,False,True,No,10K-100K
app_0431,26,394.7307692307692,0.7542124542124543,0.6044848818323658,0.3406464620692629,Medical,False,True,No,10K-100K
app_0432,26,459.88461538461536,0.7575618825618826,0.573552720852582,0.3996641216414399,Medical,False,True,No,10K-100K
app_0433,26,362.46153846153845,0.7206043956043955,0.5832225976459984,0.3089581931674826,Medical,False,True,No,10K-100K
app_0434,26,550.8846153846154,0.7470695970695971,0.5702036096760922,0.37119473415105986,Medical,False,True,No,10K-100K
app_0435,26,380.5769230769231,0.681929181929182,0.498644880668445,0.3515147133775219,Medical,False,True,No,10K-100K
app_0436,26,351.7307692307692,0.7023656898656898,0.5660569440315154,0.3153002265658076,Medical,False,True,No,10K-100K
app_0437,26,392.1923076923077,0.7627566877566878,0.5940374750972712,0.3192616552000776,Medical,False,True,No,100K-1M
app_0438,26,925.3461538461538,0.7587606837606837,0.48713139564488706,0.4710966951508401,Medical,False,True,No,100K-1M
app_0439,26,434.5,0.7512210012210012,0.5674327170229725,0.3663293040999759,Medical,False,True,No,<1K
app_0440,26,854.4615384615385,0.74751221001221,0.5302307694423004,0.4190730087914218,Medical,False,True,No,10K-100K
app_0441,26,1405.4615384615386,0.6683500323206205,0.44357799976854245,0.4430450091223177,Medical,False,True,No,10K-100K
app_0442,26,993.3846153846154,0.7148046398046398,0.489668680199105,0.4146556319524108,Medical,False,True,No,10K-100K
app_0443,26,438.61538461538464,0.7049145299145299,0.49416642401222055,0.2884359233496127,Medical,False,True,No,100K-1M
app_0444,26,1405.576923076923,0.7151027077497665,0.4051188171122346,0.4027515928513758,Medical,False,True,No,10K-100K
app_0445,26,1385.2307692307693,0.6765068265068265,0.37252175575731034,0.4011373102676056,Medical,False,True,No,1K-10K
app_0446,26,1526.923076923077,0.7404830965916939,0.38692606598813245,0.4175738404453977,Medical,False,True,No,1K-10K
app_0447,26,868.6538461538462,0.7308122433122434,0.4683166075544395,0.3757064115342313,Medical,True,True,No,10K-100K
app_0448,26,538.3461538461538,0.8802503052503052,0.4226048366030869,0.2620927085698737,Medical,True,False,No,1M-10M
app_0449,26,527.7692307692307,0.594047619047619,0.3838356829790403,0.4314116747701237,Health & Fitness,True,True,No,1K-10K
app_0450,26,636.1538461538462,0.7603711898960768,0.26920269197995633,0.37500670260126856,Health & Fitness,False,True,No,10K-100K
app_0451,26,1344.3846153846155,0.9632312132312132,0.4190306229085322,0.3450986727609484,Education,False,True,No,1K-10K
app_0452,26,681.7692307692307,0.7418498168498169,0.19570568291546436,0.23693944855732932,Health & Fitness,False,True,No,10K-100K
app_0453,26,432.1923076923077,0.8182844932844933,0.47924239811172814,0.2847220930679066,Health & Fitness,False,True,No,100K-1M
app_0454,26,2761.3076923076924,0.717008205469744,0.1521322352805249,0.4872849846377977,Health & Fitness,False,False,No,1K-10K
app_0455,26,470.53846153846155,0.8466575091575093,0.47670658087600604,0.2937028314633719,Health & Fitness,False,True,No,10K-100K
app_0456,26,466.3076923076923,0.7157967032967032,0.49355276291329386,0.3820369770313118,Medical,True,False,No,10K-100K
app_0457,26,1228.6153846153845,0.9054252371560063,0.4656769509216376,0.2452164134958612,Health & Fitness,False,True,Yes,1M-10M
app_0458,26,2520.5384615384614,0.8050715059199222,0.2851632048987661,0.5242297350026426,Health & Fitness,False,False,Yes,1M-10M
app_0459,26,719.3461538461538,0.739957264957265,0.47394034539248237,0.5025415105003904,Health & Fitness,False,True,No,1K-10K
app_0460,26,576.1923076923077,0.882493894993895,0.5793948451954811,0.4480637268363754,Medical,False,True,No,1K-10K
app_0461,25,967.64,0.7689611499611501,0.40303617551165255,0.2819606104831241,Education,False,True,No,1M-10M
app_0462,26,2720.5384615384614,0.884294284775054,0.20493320726575734,0.5994942165372684,Medical,False,True,No,1M-10M
app_0463,26,611.0769230769231,0.7675833781603013,0.474635249143122,0.4557994019883752,Medical,False,True,No,100K-1M
app_0464,26,338.7307692307692,0.6927655677655677,0.40559813279615164,0.3928363526572183,Health & Fitness,False,True,No,100K-1M
app_0465,26,386.1923076923077,0.9460289710289711,0.4606189184438293,0.3093886467651531,Health & Fitness,False,True,No,100K-1M
app_0466,26,349.34615384615387,1.0,0.44500629513737056,0.3720125119362139,Medical,False,False,Yes,1M-10M
app_0467,25,368.28,1.0,0.42158611904627885,0.3802485787551734,Medical,False,False,Yes,1M-10M
app_0468,26,346.65384615384613,1.0,0.4678499875481115,0.3569306629049589,Medical,False,False,No,100K-1M
app_0469,26,316.8076923076923,1.0,0.4598868488203583,0.3413633118388081,Medical,False,False,Yes,1M-10M
app_0470,26,642.1538461538462,1.0,0.3493799524558233,0.4598243428588968,Health & Fitness,True,True,No,100K-1M
app_0471,26,273.2307692307692,1.0,0.2874053589398936,0.2980636269850078,Health & Fitness,False,True,No,1K-10K
app_0472,26,478.3076923076923,0.699404761904762,0.47751317543913563,0.2024465263709899,Health & Fitness,False,True,No,100K-1M
app_0473,26,1129.0384615384614,1.0,0.649935626949964,0.3635127515902761,Health & Fitness,False,True,No,100K-1M
app_0474,26,239.69230769230768,0.6736263736263736,0.37277382682889343,0.37627699424966504,Health & Fitness,False,False,No,100K-1M
app_0475,26,517.5769230769231,0.8205128205128205,0.5397807465940427,0.3564451971371254,Medical,True,True,No,100K-1M
app_0476,26,420.15384615384613,0.5013278388278388,0.5498457978054444,0.35677975556108354,Health & Fitness,False,False,No,1K-10K
app_0477,26,2659.6923076923076,0.658100233100233,0.7742395439758459,0.2816083041579738,Health & Fitness,False,True,No,100K-1M
app_0478,26,314.8076923076923,0.7568681318681318,0.613321391570512,0.3585739415451022,Medical,False,False,No,1K-10K
app_0479,26,347.0,0.9166666666666666,0.39466865778517174,0.4652981810703138,Health & Fitness,False,True,No,100K-1M
app_0480,26,478.96153846153845,1.0,0.6970092445581305,0.2035263884603043,Health & Fitness,False,False,No,100K-1M
app_0481,1,447.0,1.0,0.0693069306930693,,Medical,False,False,No,1M-10M
app_0482,26,708.0,0.8378205128205128,0.44112538747882596,0.2441847692016112,Health & Fitness,False,True,No,100K-1M
app_0483,26,319.4230769230769,0.682142857142857,0.3296182542130796,0.4171179894569587,Lifestyle,False,False,No,10K-100K
app_0484,26,579.8076923076923,0.7793650793650794,0.5607383268072798,0.3945992553532421,Health & Fitness,False,True,No,10K-100K
app_0485,26,2844.769230769231,0.7742061891100354,0.5730556199544609,0.3700184414489617,Health & Fitness,False,False,No,10M+
app_0486,25,399.96,1.0,0.5798995451885074,0.2762268152326326,Health & Fitness,False,False,No,100K-1M
app_0487,26,2341.9615384615386,0.7483115175422868,0.8574777607710575,0.133215828559018,Health & Fitness,False,True,No,100K-1M
app_0488,26,521.6538461538462,0.8483780108780109,0.6396975278043728,0.2348579896776704,Parenting,True,True,No,100K-1M
app_0489,26,1314.4615384615386,0.9263648210763595,0.5988358963284309,0.1973050469040546,Health & Fitness,False,True,No,10M+
app_0490,26,453.03846153846155,0.8384615384615385,0.2908664479541938,0.5183020851229978,Medical,False,False,No,10K-100K
app_0491,26,560.9230769230769,0.6515567765567766,0.42234230750233953,0.3629789954196477,Health & Fitness,False,True,No,1M-10M
app_0492,26,1452.1538461538462,1.0,0.7773587329092085,0.2338309324442426,Health & Fitness,True,False,No,100K-1M
app_0493,26,823.5769230769231,0.6299408924408924,0.2865681919583758,0.4865244165374646,Health & Fitness,True,True,Yes,10M+
app_0494,26,252.80769230769232,0.8407051282051282,0.4092686389095591,0.4167950146479061,Health & Fitness,False,False,No,10K-100K
app_0495,26,1693.3846153846155,0.716468253968254,0.301551937292201,0.4889987995026903,Health & Fitness,False,True,No,1M-10M
app_0496,26,217.73076923076923,1.0,0.39287359269266564,0.3667079397602546,Health & Fitness,False,False,No,1K-10K
app_0497,26,726.7692307692307,0.8701631701631702,0.6955238034746173,0.20590254757694554,Health & Fitness,False,True,No,100K-1M
app_0498,26,494.46153846153845,0.902039627039627,0.3948285064063359,0.4248114215844362,Health & Fitness,False,False,No,100K-1M
app_0499,26,799.5,0.72503885003885,0.4690622409727735,0.2832853470316123,Parenting,False,True,No,100K-1M
app_0500,26,603.6153846153846,0.7614010989010989,0.24381959256510224,0.4434864465911831,Health & Fitness,False,True,No,1K-10K
app_0501,25,350.56,0.7140634920634921,0.43420240327513726,0.3410764693026876,Health & Fitness,False,True,No,1M-10M
app_0502,26,2296.1153846153848,0.8219211406994213,0.3291269688056205,0.3639520498198826,Health & Fitness,False,True,No,1M-10M
app_0503,26,293.9230769230769,0.9375,0.3939801288141286,0.3837639626296686,Health & Fitness,False,False,No,10K-100K
app_0504,25,310.96,1.0,0.3325295999615407,0.3815077754583166,Education,True,True,No,100K-1M
app_0505,26,367.34615384615387,0.6871336996336996,0.38690862814936067,0.4671344710165233,Medical,False,False,No,1M-10M
app_0506,26,1016.3076923076923,0.8817597564114592,0.276048688888877,0.2923299318941355,Parenting,False,False,Yes,1M-10M
app_0507,26,548.8846153846154,0.5674297924297924,0.5231235854493421,0.2599992817307903,Health & Fitness,False,True,No,10K-100K
app_0508,26,459.2307692307692,0.7701617826617826,0.2689415552986891,0.3932042204931683,Health & Fitness,True,True,No,100K-1M
app_0509,25,536.36,0.6802799422799423,0.2488641239979553,0.4041673686859757,Health & Fitness,False,True,No,1M-10M
app_0510,26,193.15384615384616,1.0,0.43997280628012564,0.3239813270606809,Education,False,True,No,1M-10M
app_0511,26,502.38461538461536,0.7097527472527473,0.3457139255603098,0.2811973317960555,Health & Fitness,False,False,No,1K-10K
app_0512,26,2275.3846153846152,0.8849855497628776,0.4279932413633742,0.3431293702719686,Health & Fitness,False,True,No,100K-1M
app_0513,26,3103.1153846153848,0.9438265724643433,0.5395530503163418,0.1940251180365104,Health & Fitness,True,True,No,10M+
app_0514,26,728.6923076923077,0.6089285714285715,0.40164906140978535,0.5093119065537224,Health & Fitness,False,True,Yes,10M+
app_0515,26,342.15384615384613,0.6228479853479854,0.3635984468863463,0.3858245773034928,Health & Fitness,False,False,No,100K-1M
app_0516,26,236.96153846153845,0.6711233211233212,0.3915859071130798,0.33328176472058363,Health & Fitness,False,False,Yes,1M-10M
app_0517,26,286.0769230769231,0.7675518925518925,0.3529772741103272,0.2952836632569363,Health & Fitness,False,True,No,100K-1M
app_0518,26,1145.0384615384614,1.0,0.6243039750454925,0.3135871050401579,Health & Fitness,True,True,Yes,1M-10M
app_0519,26,714.9615384615385,0.6924603174603174,0.34333290726498433,0.42288562763303655,Health & Fitness,True,True,Yes,10M+
app_0520,26,574.8846153846154,0.7772727272727273,0.44167638462406494,0.3880381562674345,Health & Fitness,False,True,Yes,1M-10M
app_0521,20,475.1,0.7948412698412699,0.28027406212842737,0.45162206872729466,Health & Fitness,True,True,No,100K-1M
app_0522,26,653.0769230769231,0.6023809523809524,0.32762538296509686,0.4234606911286737,Health & Fitness,True,False,Yes,10M+
app_0523,26,1044.1923076923076,0.6066391941391941,0.39149479950795346,0.3561825188730188,Health & Fitness,True,True,Yes,10M+
app_0524,26,353.38461538461536,1.0,0.37555159027690055,0.44447537440336415,Medical,True,True,No,100K-1M
app_0525,26,602.6538461538462,1.0,0.28988671347728934,0.36940508830311025,Health & Fitness,True,False,No,100K-1M
app_0526,26,525.3076923076923,0.7156593406593407,0.658549058673649,0.2540223630967791,Parenting,True,True,Yes,1M-10M
app_0527,26,1135.3076923076924,0.9732183257918552,0.3103045307618056,0.4245547901429958,Health & Fitness,False,True,No,100K-1M
app_0528,26,434.2692307692308,1.0,0.4860803747288806,0.3603412506576317,Health & Fitness,False,True,No,10K-100K
app_0529,26,248.15384615384616,1.0,0.40597970335200606,0.3812168697807263,Health & Fitness,False,False,No,10K-100K
app_0530,26,1345.2692307692307,0.8536477411477411,0.44413439683444944,0.42458039117742746,Health & Fitness,False,False,No,10K-100K
app_0531,26,921.5,0.7989441114441115,0.31525453362129363,0.2398773620105439,Health & Fitness,False,True,No,10K-100K
app_0532,26,407.6923076923077,0.6125457875457875,0.5118508813111723,0.2682959783176865,Medical,False,False,Yes,1M-10M
app_0533,26,243.0,0.7598443223443223,0.31398345002335365,0.2758215644691632,Health & Fitness,False,True,No,100K-1M
app_0534,26,1361.923076923077,1.0,0.737322101991576,0.2094935494594001,Health & Fitness,True,True,No,100K-1M
app_0535,26,430.7692307692308,0.6554029304029304,0.3277807505919584,0.4666941870925202,Health & Fitness,False,False,No,10K-100K
app_0536,26,2201.1923076923076,0.9620189365158406,0.8457351329978728,0.2938975685097841,Health & Fitness,False,True,No,1M-10M
app_0537,26,478.84615384615387,1.0,0.46677835732934336,0.466821973424867,Health & Fitness,False,True,No,1K-10K
app_0538,26,429.3076923076923,0.9535256410256411,0.5133259986976791,0.4878771583878478,Health & Fitness,True,False,No,10K-100K
app_0539,13,1742.6923076923076,0.8968289880054585,0.44469059837399855,0.4942373602100012,Health & Fitness,False,True,No,1M-10M
app_0540,26,683.3076923076923,0.9039224664224664,0.29432012741843794,0.4836640959513595,Medical,False,True,No,10K-100K
app_0541,25,266.84,1.0,0.3207887961329394,0.3179892545886229,Health & Fitness,True,True,No,1M-10M
app_0542,26,614.8846153846154,0.8112789987789988,0.461477630670505,0.4193557046121948,Health & Fitness,False,False,No,10K-100K
app_0543,25,596.28,0.830952380952381,0.6265286643742555,0.2388004495467152,Health & Fitness,False,True,No,100K-1M
app_0544,26,440.38461538461536,0.8183150183150183,0.5424224745818736,0.2539429675592917,Medical,True,True,No,10K-100K
app_0545,26,352.2692307692308,0.7806776556776557,0.29474947181904,0.3717025133893497,Health & Fitness,False,False,No,100K-1M
app_0546,26,2594.923076923077,0.7860958485958486,0.7668546677908867,0.2478689777280452,Food & Drink,True,True,No,100K-1M
app_0547,26,2360.1153846153848,0.7861721611721612,0.7194676839099282,0.2285953555182572,Food & Drink,True,True,Yes,1M-10M
app_0548,26,830.8461538461538,0.9091220462543992,0.5940768321627397,0.1352343510684981,Health & Fitness,False,True,No,1M-10M
app_0549,26,292.88461538461536,0.9503205128205128,0.37364133809057215,0.3494045631769115,Medical,False,True,No,100K-1M
app_0550,26,338.15384615384613,1.0,0.35123496502393536,0.2920954842344893,Health & Fitness,True,True,No,100K-1M
app_0551,26,914.9230769230769,1.0,0.546668044042268,0.2752978163783318,Medical,True,True,No,100K-1M
app_0552,25,278.72,0.9505555555555556,0.3591360382354173,0.36128448544948777,Health & Fitness,True,True,No,1M-10M
app_0553,26,1197.5,0.5701506826506827,0.3772488685228292,0.669977684506259,Medical,False,True,No,100K-1M
app_0554,26,328.38461538461536,0.8344017094017094,0.2971025859973962,0.3162496563484556,Health & Fitness,False,True,Yes,1M-10M
app_0555,26,579.0769230769231,0.7623168498168499,0.48463350592455573,0.4758440894752185,Health & Fitness,True,False,No,100K-1M
app_0556,26,379.0769230769231,0.9407051282051282,0.4973446321107477,0.4347552802032989,Health & Fitness,True,False,No,100K-1M
app_0557,26,417.1923076923077,1.0,0.44510453399854055,0.2822459958467891,Lifestyle,True,True,Yes,1M-10M
app_0558,26,338.0769230769231,0.4942307692307692,0.3613894259781464,0.4379850095264596,Medical,False,False,No,1K-10K
app_0559,26,473.2692307692308,0.8483058608058608,0.3018259559568746,0.2485981343671514,Health & Fitness,False,True,No,1M-10M
app_0560,26,503.53846153846155,0.8513708513708514,0.2801633354294506,0.406441297838984,Health & Fitness,True,True,No,100K-1M
app_0561,26,477.6923076923077,0.86390717919058,0.5512353925209854,0.2683434433536544,Health & Fitness,False,False,No,1K-10K
app_0562,25,700.36,0.6349523809523809,0.30292643215599724,0.5315421270681864,Medical,False,False,No,1M-10M
app_0563,26,673.3076923076923,0.8264041514041515,0.23827826002674188,0.3664308183391292,Health & Fitness,False,True,No,100K-1M
app_0564,26,1189.2692307692307,0.8221916971916972,0.6197053404157248,0.1762220937812136,Medical,False,True,No,10K-100K
app_0565,26,3755.3846153846152,0.8814453834250214,0.6664973965264749,0.1655917616116504,Health & Fitness,False,False,Yes,1M-10M
app_0566,26,1258.1538461538462,0.8803031370339063,0.4073703098728533,0.36841497735627005,Health & Fitness,False,True,No,10M+
app_0567,26,478.7307692307692,0.6778693528693528,0.442827086486638,0.5183979385744037,Health & Fitness,False,False,No,100K-1M
app_0568,26,805.8461538461538,0.6037545787545787,0.5327598709382355,0.4089247039195326,Health & Fitness,False,False,No,10K-100K
app_0569,26,1623.5,0.8340793945476608,0.3576161255329694,0.3290812735683681,Health & Fitness,False,True,Yes,1M-10M
app_0570,26,561.9230769230769,0.8266016035246805,0.5162700377287202,0.3179014132050406,Medical,False,False,Yes,1M-10M
app_0571,26,640.1538461538462,0.9105769230769231,0.5699880829519158,0.2181495650628264,Lifestyle,False,True,No,100K-1M
app_0572,26,654.4615384615385,0.9457875457875459,0.2281430251190359,0.39650590624876475,Medical,False,True,No,100K-1M
app_0573,26,871.1538461538462,1.0,0.5005173218091251,0.410390278019644,Medical,True,True,No,100K-1M
app_0574,26,229.23076923076923,1.0,0.4674315087391507,0.3798244356097461,Lifestyle,False,True,No,10K-100K
app_0575,26,439.6923076923077,1.0,0.7070738560352127,0.2016838980676257,Health & Fitness,False,False,No,100K-1M
app_0576,26,694.9230769230769,1.0,0.20525501687912406,0.3678376827345377,Health & Fitness,True,True,No,100K-1M
app_0577,26,1475.6923076923076,0.9468061353215815,0.5832862253360616,0.215155911600528,Health & Fitness,False,True,No,100K-1M
app_0578,26,301.88461538461536,0.6625457875457875,0.3014943256168549,0.2944631186363252,Health & Fitness,False,True,No,100K-1M
app_0579,26,1152.1153846153845,0.8110927534004457,0.7638639990871774,0.1589247529693288,Health & Fitness,False,True,No,100K-1M
app_0580,26,625.3076923076923,0.8381734718273179,0.5572260986489856,0.2689404593904098,Health & Fitness,False,True,No,100K-1M
app_0581,26,1226.4615384615386,0.7137973137973137,0.2956370684523215,0.4205872555507245,Health & Fitness,False,True,No,1M-10M
app_0582,26,911.8076923076923,0.8000457875457876,0.3498580701093349,0.5218112022775003,Medical,True,True,Yes,10M+
app_0583,26,316.3076923076923,0.7841422466422466,0.31853618561136327,0.37996663375682005,Medical,False,True,No,100K-1M
app_0584,26,371.5,0.922008547008547,0.30429860299262035,0.3671135696247988,Medical,True,True,Yes,1M-10M
app_0585,26,826.6538461538462,0.7411172161172161,0.3784940768486239,0.41297923581603146,Health & Fitness,False,False,No,100K-1M
app_0586,26,448.8076923076923,0.6782967032967033,0.34473346893035856,0.4248230547876549,Medical,False,False,No,1M-10M
app_0587,26,384.03846153846155,0.6243256743256743,0.2996637899773544,0.428658317904738,Health & Fitness,False,True,No,10K-100K
app_0588,26,994.7692307692307,0.6561771561771561,0.3309193677383627,0.3593100652065146,Lifestyle,False,False,No,100K-1M
app_0589,26,274.2692307692308,1.0,0.4268039968992951,0.3977339803992127,Health & Fitness,False,True,No,1K-10K
app_0590,26,571.3461538461538,0.673901098901099,0.38753255672371595,0.5543175721715213,Medical,False,False,No,100K-1M
app_0591,26,1194.1538461538462,0.9142269323383874,0.26409688742796633,0.1250462126534517,Health & Fitness,False,True,No,100K-1M
app_0592,26,209.76923076923077,0.7790293040293041,0.4334515406792195,0.3903466814579942,Medical,False,False,No,1K-10K
app_0593,26,209.76923076923077,0.9439102564102565,0.4089574295366115,0.3662016460896439,Medical,False,False,No,10K-100K
app_0594,26,624.6923076923077,0.6429487179487179,0.1959598707095935,0.3051947122430522,Lifestyle,False,False,No,10K-100K
app_0595,26,282.38461538461536,0.8539835164835166,0.41325033171046754,0.3741231385610565,Health & Fitness,False,True,No,10K-100K
app_0596,14,1262.7142857142858,0.6401616240901955,0.22640174705517943,0.47816627261370065,Health & Fitness,False,False,Yes,1M-10M
app_0597,26,1109.923076923077,0.6456876456876456,0.5722339948422301,0.279756905002125,Health & Fitness,True,True,No,1M-10M
app_0598,26,1105.6153846153845,1.0,0.6973148640228677,0.2536437532235835,Health & Fitness,False,True,No,100K-1M
app_0599,26,667.3846153846154,0.6686646686646687,0.3727563619428633,0.535908708366703,Health & Fitness,False,False,No,1K-10K
app_0600,26,1243.576923076923,0.7051587301587302,0.3701295290947079,0.6211542907958456,Health & Fitness,False,False,No,<1K
app_0601,25,1232.2,0.8127777777777777,0.665612235871558,0.1798722711177415,Health & Fitness,False,True,Yes,1M-10M
app_0602,26,906.2307692307693,1.0,0.46618492617095697,0.4072840304114787,Health & Fitness,True,True,No,100K-1M
app_0603,26,380.7307692307692,1.0,0.5108970842312354,0.2647882478325212,Health & Fitness,False,False,No,100K-1M
app_0604,26,423.84615384615387,0.9391788766788767,0.4717585654248744,0.4331401142379358,Health & Fitness,True,False,No,1M-10M
app_0605,26,284.0,1.0,0.3133475418827882,0.3026986763253303,Health & Fitness,True,True,No,100K-1M
app_0606,26,289.0,1.0,0.32251424917949334,0.3001496387189312,Lifestyle,True,True,No,100K-1M
app_0607,25,213.56,0.7692380952380953,0.45729841726960985,0.38493932602209585,Health & Fitness,False,True,No,1K-10K
app_0608,26,281.5,1.0,0.4986645340448143,0.3484988166905284,Health & Fitness,True,True,No,10K-100K
app_0609,26,367.3076923076923,0.8327838827838827,0.44318772308146204,0.3478156515910307,Health & Fitness,False,True,No,100K-1M
app_0610,26,649.8461538461538,0.8370421245421246,0.4706141983391822,0.15800665695946986,Health & Fitness,False,True,No,1M-10M
app_0611,26,217.6153846153846,1.0,0.4141335917970604,0.33771745041292955,Medical,True,True,No,100K-1M
app_0612,26,553.7307692307693,0.7639652014652014,0.45846860539681245,0.3390156286241668,Medical,True,True,No,10M+
app_0613,26,678.8076923076923,1.0,0.23111095286472344,0.4850795930424553,Medical,False,False,No,10K-100K
app_0614,26,616.2692307692307,0.9631410256410257,0.4223869009240068,0.3946983723370781,Health & Fitness,False,True,No,100K-1M
app_0615,26,285.4230769230769,0.9647435897435896,0.3873791224543235,0.3491858420793908,Health & Fitness,True,True,No,100K-1M
app_0616,24,570.25,0.6499669312169312,0.402071532750004,0.4620513378456548,Medical,False,False,No,10M+
app_0617,26,1523.5,1.0,0.5817122302819346,0.406217309017996,Health & Fitness,True,True,No,1M-10M
app_0618,26,637.4230769230769,0.7825854700854701,0.49284747418617386,0.39487702580045575,Health & Fitness,False,False,No,10K-100K
app_0619,26,423.38461538461536,0.7561050061050061,0.33193433470643996,0.42249874789798614,Health & Fitness,False,False,No,100K-1M
app_0620,26,924.5769230769231,0.7356797049104742,0.4234730953291378,0.452540903148332,Health & Fitness,False,True,No,100K-1M
app_0621,26,252.26923076923077,1.0,0.3660639587582464,0.32673103914893453,Health & Fitness,False,True,No,100K-1M
app_0622,26,379.3076923076923,0.8337912087912088,0.6000142058512403,0.236208560224547,Health & Fitness,False,True,Yes,1M-10M
app_0623,26,2151.5,0.6031843156843156,0.3634268517307137,0.2300964547149548,Parenting,False,False,Yes,10M+
app_0624,26,543.6538461538462,0.9251373626373626,0.5212469726212382,0.2207882816095758,Parenting,True,True,Yes,1M-10M
app_0625,26,537.1538461538462,1.0,0.33388723710226237,0.4384354895090842,Health & Fitness,False,False,No,1M-10M
app_0626,26,809.7692307692307,0.8979283536975845,0.5638516555089714,0.2342765743958798,Health & Fitness,False,True,No,10K-100K
app_0627,26,564.5769230769231,0.9064887036040883,0.44489224886668105,0.3128589108527141,Health & Fitness,False,True,No,10K-100K
app_0628,26,1513.6538461538462,1.0,0.1968470709399885,0.3526700229594205,Medical,False,False,No,1K-10K
app_0629,26,275.84615384615387,0.6163003663003662,0.3777293712652482,0.4279128963461548,Health & Fitness,True,True,Yes,1M-10M
app_0630,25,1729.72,0.6649062049062049,0.3769501192479607,0.3916264364253971,Health & Fitness,False,True,No,100K-1M
app_0631,24,593.7916666666666,0.597470238095238,0.4285233322890687,0.4816444304937682,Medical,True,False,No,1M-10M
app_0632,26,511.3076923076923,0.6753163503163504,0.37954302352186275,0.425619912624546,Medical,False,False,No,100K-1M
app_0633,26,345.2692307692308,0.7793040293040293,0.3387152701249058,0.307613556516993,Medical,False,True,No,10K-100K
app_0634,26,435.34615384615387,0.8445818070818072,0.3877003232821045,0.4561462018430706,Medical,False,True,No,100K-1M
app_0635,26,1275.3076923076924,0.7866758241758242,0.3522530196656961,0.4472687604584739,Medical,False,True,No,100K-1M
app_0636,26,267.46153846153845,1.0,0.40256049835838353,0.3545471873858158,Medical,False,False,No,100K-1M
app_0637,26,287.61538461538464,0.7777014652014652,0.37586647611042,0.3253839495371253,Medical,False,True,No,10K-100K
app_0638,26,454.6923076923077,0.7641025641025642,0.3973914383908176,0.4220581038897219,Medical,False,True,No,10K-100K
app_0639,25,263.72,0.7896190476190477,0.4107386581636628,0.33009097697231193,Medical,False,True,No,10K-100K
app_0640,26,372.61538461538464,0.7798534798534799,0.3828164577115608,0.3828636652726031,Medical,False,True,No,10K-100K
app_0641,26,258.65384615384613,0.8398809523809524,0.4552795322526813,0.3441422733706298,Medical,False,True,No,10K-100K
app_0642,26,284.1923076923077,0.7786172161172161,0.4261414960187047,0.3746654456246124,Medical,False,True,No,1K-10K
app_0643,26,257.34615384615387,0.8026556776556777,0.4583585636302137,0.36532989100934465,Medical,False,True,No,1K-10K
app_0644,25,248.72,1.0,0.4397486383596029,0.3584805905570927,Medical,False,True,No,10K-100K
app_0645,26,356.7307692307692,0.7819749694749695,0.3937275332324101,0.3292158097891477,Medical,False,True,No,100K-1M
app_0646,26,290.5769230769231,0.7938644688644688,0.30021013296778915,0.32142242581986696,Medical,False,False,No,10K-100K
app_0647,26,254.3846153846154,0.7815018315018315,0.42248198539783094,0.2896784152451852,Medical,False,True,No,10K-100K
app_0648,26,306.11538461538464,0.7715201465201466,0.49477972014657223,0.3898171208416918,Medical,False,True,No,10K-100K
app_0649,26,304.5769230769231,0.7706043956043955,0.43445438669128983,0.3655941965999015,Medical,False,True,No,10K-100K
app_0650,26,287.84615384615387,1.0,0.4068497697997247,0.3474466228026462,Medical,False,True,No,1K-10K
app_0651,26,778.9230769230769,0.8775596638153199,0.6442525687934313,0.4395251528776734,Medical,False,False,No,1K-10K
app_0652,25,486.28,0.7661904761904762,0.298940832118489,0.3577107200536894,Education,False,False,No,10K-100K
app_0653,26,605.3461538461538,0.6793650793650794,0.3884347286316719,0.400333072745983,Medical,False,False,No,100K-1M
app_0654,26,558.6923076923077,0.9444444444444445,0.2597971577827262,0.2993574503093071,Medical,False,True,No,100K-1M
app_0655,25,327.52,1.0,0.3866672235902399,0.4546557259201885,Health & Fitness,False,False,Yes,10M+
app_0656,26,339.38461538461536,0.8420940170940171,0.5240192433648243,0.3645864133156507,Lifestyle,True,True,Yes,10M+
app_0657,26,1446.8461538461538,1.0,0.6258669270734374,0.3640024826218794,Medical,True,True,No,100K-1M
app_0658,26,2011.076923076923,0.9375,0.3468479611725136,0.4285103294212359,Medical,False,True,No,100K-1M
app_0659,26,3038.3846153846152,1.0,0.28992357067828184,0.6635096319672733,Education,False,False,No,100K-1M
app_0660,26,481.0,0.832997557997558,0.5236990458784043,0.3691874964361973,Health & Fitness,False,True,No,10K-100K
app_0661,26,704.6153846153846,1.0,0.4846124910167501,0.3525075295475399,Health & Fitness,False,True,No,100K-1M
app_0662,26,509.11538461538464,0.8467199467199467,0.2470211504763108,0.4440119251178251,Lifestyle,False,True,No,1M-10M
app_0663,26,977.3846153846154,0.7313034188034189,0.529874156688437,0.3323942217384305,Health & Fitness,False,True,Yes,1M-10M
app_0664,26,1106.0384615384614,1.0,0.565346215418448,0.3534484467381004,Health & Fitness,False,True,No,1M-10M
app_0665,26,860.9230769230769,0.6767399267399268,0.5227279737175008,0.2992583802533285,Health & Fitness,False,True,Yes,1M-10M
app_0666,26,399.65384615384613,1.0,0.3378426414809439,0.4660994512697408,Medical,False,False,No,10K-100K
app_0667,26,285.7307692307692,0.8198565323565323,0.40081050210607133,0.3803115113338163,Health & Fitness,False,True,No,100K-1M
app_0668,26,440.7692307692308,0.8331043956043955,0.23067605294253707,0.364862431281646,Health & Fitness,False,False,No,10K-100K
app_0669,3,634.6666666666666,0.8260073260073261,0.4175872166190488,0.3009893878009149,Medical,False,False,No,100K-1M
app_0670,26,1134.423076923077,0.8916948436179205,0.7303713860920813,0.1834800374618986,Health & Fitness,False,True,Yes,1M-10M
app_0671,26,639.8076923076923,0.8182234432234433,0.5193110950015336,0.2215434716583289,Parenting,True,True,No,1M-10M
app_0672,26,2655.576923076923,0.8474890907166449,0.19931718845013974,0.1844840137634457,Parenting,True,True,Yes,10M+
app_0673,25,6488.52,1.0,0.17628407601191973,0.5531067282542252,Health & Fitness,False,False,No,10M+
app_0674,26,396.0,0.7891636141636142,0.2682518314336976,0.3543092782232967,Health & Fitness,False,False,No,100K-1M
app_0675,26,1231.3461538461538,0.8839056776556776,0.3275472830180312,0.4726086107010464,Health & Fitness,False,True,Yes,10M+
app_0676,26,1869.6923076923076,0.8652472527472527,0.6303163187452387,0.2221148041502761,Health & Fitness,False,True,No,10K-100K
app_0677,26,766.4230769230769,0.9079142011834319,0.44400480447182117,0.2424127961482599,Lifestyle,False,False,No,10K-100K
app_0678,26,943.4615384615385,0.7867145674837983,0.38186458708859405,0.3093340509481604,Health & Fitness,False,True,No,10K-100K
app_0679,26,457.61538461538464,0.9631410256410257,0.6918993769269559,0.30912200130358614,Health & Fitness,False,True,No,100K-1M
app_0680,26,2302.230769230769,0.7381974329089714,0.5813639254032817,0.5473823798213785,Health & Fitness,False,True,No,100K-1M
app_0681,26,608.0769230769231,0.813535076035076,0.33223801529479313,0.295570712070003,Health & Fitness,False,True,No,10K-100K
app_0682,6,1536.8333333333333,0.7937469937469938,0.5290743529036427,0.2232944418410651,Lifestyle,False,False,Yes,1M-10M
app_0683,26,218.65384615384616,0.9551282051282051,0.5511160930502919,0.3603932714732132,Health & Fitness,True,False,No,100K-1M
app_0684,26,630.4230769230769,0.771969696969697,0.47476724752180555,0.376486741082584,Health & Fitness,False,True,No,10M+
app_0685,26,472.88461538461536,0.9215506715506715,0.350551806290733,0.4658315997662645,Health & Fitness,False,False,No,10K-100K
app_0686,26,847.1153846153846,1.0,0.30516046753694365,0.5005659209634459,Medical,False,True,No,100K-1M
app_0687,26,2403.5384615384614,0.9374824929971989,0.4868409395626681,0.3496973054583928,Health & Fitness,False,True,No,10M+
app_0688,24,487.75,0.7780919312169313,0.5123265590584157,0.3261178617571423,Medical,True,True,No,100K-1M
app_0689,4,811.75,0.6833333333333333,0.4796692082522379,0.1505235420331165,Health & Fitness,False,True,No,100K-1M
app_0690,26,452.7307692307692,1.0,0.5113126379237359,0.294292676696737,Health & Fitness,True,True,No,10M+
app_0691,26,703.1153846153846,0.7876373626373626,0.429236160873717,0.4113442774767018,Health & Fitness,False,True,Yes,1M-10M
app_0692,26,230.80769230769232,0.6597069597069597,0.4325221660369764,0.32386034254451246,Health & Fitness,False,True,No,1K-10K
app_0693,26,1750.9615384615386,0.9031906253625711,0.3467193265548137,0.2702514597428204,Education,False,True,Yes,10M+
app_0694,25,318.64,1.0,0.39322030431335575,0.3279272547467744,Lifestyle,True,True,No,10K-100K
app_0695,26,917.1538461538462,0.629029304029304,0.2900309334176271,0.3835543696914903,Health & Fitness,True,True,Yes,10M+
app_0696,26,566.1538461538462,0.7113095238095238,0.35046691328294277,0.2560923270348712,Health & Fitness,False,True,No,10K-100K
app_0697,25,792.6,0.8602857142857142,0.3189367372217819,0.4834980106744765,Parenting,True,False,Yes,1M-10M
app_0698,26,713.8461538461538,0.8477980352980352,0.41789509291641525,0.44515869238912803,Health & Fitness,False,True,No,1K-10K
app_0699,26,574.9615384615385,0.6707966618600103,0.30907483113431616,0.4019111958730373,Parenting,True,False,Yes,1M-10M
app_0700,26,973.0,0.8456390831390832,0.6239257141376128,0.3911329538527732,Health & Fitness,False,True,No,10M+
app_0701,26,976.6538461538462,0.8011364703672397,0.5626279568048838,0.3788762612222971,Health & Fitness,True,True,No,10M+
app_0702,26,231.5,1.0,0.37877214720659746,0.3408831572088261,Health & Fitness,False,True,No,10K-100K
app_0703,26,280.88461538461536,1.0,0.3851074472535962,0.3613346327089509,Health & Fitness,False,True,No,10K-100K
app_0704,26,362.03846153846155,0.8043775668775669,0.37564007211092343,0.4051160385645621,Health & Fitness,False,True,No,100K-1M
app_0705,26,656.7307692307693,0.7152014652014652,0.3988378024254241,0.3540739077823548,Health & Fitness,False,True,Yes,1M-10M
app_0706,26,1495.0,1.0,0.6197556694120517,0.3880267099127688,Health & Fitness,False,True,No,100K-1M
app_0707,26,310.0,1.0,0.3447757669492263,0.3159822316035691,Health & Fitness,False,True,No,10K-100K
app_0708,26,946.5,1.0,0.4211400155900011,0.3961186488540079,Health & Fitness,True,True,No,1M-10M
app_0709,26,269.5,1.0,0.27424979355983886,0.2335966817030002,Medical,True,True,Yes,1M-10M
app_0710,26,1715.076923076923,0.7659653061936343,0.4396676701015707,0.31070088563761583,Medical,False,False,Yes,1M-10M
app_0711,26,1925.6538461538462,0.8452468471699242,0.15554143059515285,0.3123493941831431,Medical,False,True,No,10K-100K
app_0712,26,1568.423076923077,0.8386752136752137,0.34213456608639486,0.2128234521390196,Health & Fitness,False,True,Yes,1M-10M
app_0713,26,320.7307692307692,0.6451007326007326,0.3822317732230772,0.3529801314417375,Health & Fitness,False,True,No,1K-10K
app_0714,25,736.24,0.709044733044733,0.29315113962174455,0.5038373620564374,Medical,False,False,No,10K-100K
app_0715,26,1009.7692307692307,0.8253205128205128,0.532582087294968,0.292782371605705,Food & Drink,True,True,No,10K-100K
app_0716,26,1267.0384615384614,0.9449023199023199,0.18846248633650295,0.5063170851302637,Health & Fitness,True,True,No,10K-100K
app_0717,26,1264.076923076923,0.8761904761904762,0.26099441112239846,0.3149208013698067,Health & Fitness,True,True,Yes,10M+
app_0718,26,654.9615384615385,0.9363699123374046,0.6150817174022298,0.2410043348665053,Health & Fitness,False,True,No,100K-1M
app_0719,26,243.92307692307693,1.0,0.38601894313553914,0.355969797803039,Health & Fitness,False,True,No,1K-10K
app_0720,26,325.96153846153845,0.6715201465201465,0.45011875266243595,0.3961926408757346,Health & Fitness,False,True,No,1M-10M
app_0721,26,1222.6923076923076,0.8764647745416976,0.3790152732830716,0.4980920815905426,Health & Fitness,False,True,No,100K-1M
app_0722,26,964.0384615384615,0.8141501660732431,0.5255434747696706,0.3372109700813354,Health & Fitness,False,True,No,1M-10M
app_0723,6,196.83333333333334,0.8291666666666667,0.6097186669174584,0.2833113533739417,Health & Fitness,False,False,No,10K-100K
app_0724,26,371.7692307692308,0.8334706959706959,0.568767216040974,0.300913610542958,Parenting,True,True,No,100K-1M
app_0725,16,320.6875,1.0,0.37996281808994575,0.4846730669587781,Medical,False,False,No,100K-1M
app_0726,26,444.1923076923077,0.796978021978022,0.34235212857897995,0.37933339556758,Health & Fitness,False,True,No,10K-100K
app_0727,26,286.8076923076923,0.9631410256410257,0.3261083516140133,0.3558882545549489,Lifestyle,False,True,No,1M-10M
app_0728,26,504.15384615384613,0.833409645909646,0.44319871170098946,0.3633033237205077,Health & Fitness,False,True,Yes,1M-10M
app_0729,26,745.8076923076923,1.0,0.6077745415185937,0.3977481725854685,Education,False,False,No,10K-100K
app_0730,26,2958.346153846154,0.8322052947052947,0.18993072375569556,0.3680647608737886,Health & Fitness,True,True,No,100K-1M
app_0731,26,908.9615384615385,0.6748168498168498,0.42270977868989235,0.2880562413410843,Health & Fitness,True,True,Yes,10M+
app_0732,26,325.5,0.9540598290598291,0.34546282774054876,0.3246881205745022,Health & Fitness,False,True,No,10K-100K
app_0733,26,709.6923076923077,0.8740995115995116,0.33841312070284874,0.3498669918893761,Health & Fitness,False,True,No,<1K
app_0734,26,534.4230769230769,0.71243894993895,0.5070084017639643,0.2523658419103847,Health & Fitness,True,True,No,100K-1M
app_0735,26,1173.076923076923,0.6827630702630703,0.19595645318868568,0.4030411006377253,Health & Fitness,False,True,No,10K-100K
app_0736,26,245.42307692307693,1.0,0.49677602013046196,0.3745474924131255,Health & Fitness,True,True,No,100K-1M
app_0737,26,541.2692307692307,0.8413919413919414,0.34649474139082737,0.3962628683009485,Medical,True,True,Yes,1M-10M
app_0738,24,460.5833333333333,0.6118882275132275,0.4515517120504989,0.2517395430713628,Health & Fitness,False,True,No,10K-100K
app_0739,26,540.8076923076923,0.9830762186531418,0.3118749985508973,0.3779452108928928,Health & Fitness,False,True,No,1K-10K
app_0740,26,608.1153846153846,0.6417082917082918,0.2753530819303821,0.4058928390900276,Health & Fitness,False,True,No,100K-1M
app_0741,26,296.5769230769231,0.9567307692307693,0.3315031764041499,0.377360285760161,Education,True,True,No,100K-1M
app_0742,26,2177.8846153846152,1.0,0.46839778648690333,0.4488080693976487,Health & Fitness,False,True,No,100K-1M
app_0743,26,1313.7692307692307,0.762082362082362,0.4202847825372324,0.4144217230262227,Health & Fitness,False,True,Yes,10M+
app_0744,25,618.44,1.0,0.42828620697680103,0.3311911960284389,Health & Fitness,False,True,Yes,1M-10M
app_0745,26,470.34615384615387,0.6131410256410257,0.3533290488452017,0.4084051570968859,Health & Fitness,True,True,Yes,10M+
app_0746,26,538.5769230769231,1.0,0.5108066215492502,0.3386303043938418,Health & Fitness,False,True,No,100K-1M
app_0747,25,347.92,1.0,0.5440982817634787,0.3161814563103301,Health & Fitness,False,True,No,100K-1M
app_0748,26,402.1923076923077,1.0,0.4651931569128642,0.4301441617902614,Health & Fitness,False,False,No,10K-100K
app_0749,26,1031.6538461538462,0.9681816957552252,0.5009130343378313,0.256958942111808,Parenting,True,True,Yes,1M-10M
app_0750,26,1407.8461538461538,0.8587223673762134,0.664172079087655,0.3301325619448813,Health & Fitness,True,True,Yes,10M+
app_0751,26,596.5,0.7697594072594073,0.41981567081491633,0.35195372176358436,Health & Fitness,False,True,No,100K-1M
app_0752,26,2395.1923076923076,1.0,0.7217759683275579,0.32419016842298654,Health & Fitness,True,True,Yes,1M-10M
app_0753,26,358.3076923076923,1.0,0.354972401470901,0.4913691447627553,Medical,False,False,No,100K-1M
app_0754,26,359.2692307692308,0.945759368836292,0.4107068310494864,0.45728982531943035,Health & Fitness,False,False,No,100K-1M
app_0755,26,486.5,0.8176129426129426,0.5585896446232883,0.3714621313743904,Health & Fitness,False,False,No,100K-1M
app_0756,25,240.44,1.0,0.4353769561175998,0.4113388897962662,Health & Fitness,False,False,No,100K-1M
app_0757,25,186.32,0.9516666666666667,0.5022816190590582,0.3312286163938336,Health & Fitness,False,False,No,100K-1M
app_0758,26,965.3461538461538,0.8057844932844933,0.5759614203332307,0.2944381362666085,Health & Fitness,True,True,No,10K-100K
app_0759,26,345.8076923076923,0.595528083028083,0.32652689785869604,0.2692927595392768,Health & Fitness,True,True,Yes,10M+
app_0760,25,212.28,1.0,0.4057558881024992,0.3333563024682056,Medical,False,False,No,10K-100K
app_0761,26,1327.1538461538462,0.845467032967033,0.3332314800322131,0.5810998571599064,Health & Fitness,False,False,No,100K-1M
app_0762,25,1095.28,0.7839682539682539,0.2981308804370467,0.419793889202255,Health & Fitness,False,True,No,100K-1M
app_0763,26,628.0769230769231,0.5643315018315018,0.3430066225134136,0.3470970216457955,Medical,False,True,No,100K-1M
app_0764,26,1903.8461538461538,0.8164763780714007,0.6968991982273095,0.3137481890687036,Health & Fitness,False,True,No,1K-10K
app_0765,26,1079.1538461538462,0.6002331002331002,0.19094558208294152,0.34413212359852924,Parenting,False,False,No,1M-10M
app_0766,26,332.11538461538464,0.7846153846153846,0.29481002058095246,0.3243965851708248,Health & Fitness,False,True,No,10K-100K
app_0767,4,305.5,0.8303571428571428,0.15944679000200396,0.1499220071514301,Health & Fitness,False,True,No,10K-100K
app_0768,24,3045.7916666666665,0.7923642533936652,0.8475400288015827,0.1362593290072366,Health & Fitness,False,True,No,1M-10M
app_0769,26,237.57692307692307,0.8057692307692308,0.36372891320609946,0.3454554717772077,Health & Fitness,False,True,No,1K-10K
app_0770,26,290.38461538461536,1.0,0.4051784085569791,0.3103778007865283,Medical,True,True,No,10K-100K
app_0771,25,600.72,0.6592380952380953,0.4114033191529012,0.3505698647111471,Health & Fitness,True,False,Yes,1M-10M
app_0772,26,714.2307692307693,0.641025641025641,0.6295765783728213,0.290910643066852,Health & Fitness,True,True,Yes,10M+
app_0773,1,211.0,0.5,0.5913978494623656,,Medical,False,False,No,1M-10M
app_0774,26,666.7307692307693,0.7355769230769231,0.5950549822780902,0.3189060907520019,Health & Fitness,False,True,No,1K-10K
app_0775,26,596.3076923076923,0.7918650793650793,0.34544288148503394,0.43249003989843,Health & Fitness,False,True,Yes,1M-10M
app_0776,26,19697.346153846152,0.8117535242535243,0.7705518230858821,0.44664545431477964,Health & Fitness,True,True,Yes,10M+
app_0777,26,6050.2307692307695,0.660036016614964,0.3232709146814438,0.6918354402410317,Health & Fitness,True,True,Yes,1M-10M
app_0778,26,1540.0,0.8521850440581091,0.2305915185035826,0.2987989510071769,Health & Fitness,False,True,No,1M-10M
app_0779,26,949.8076923076923,0.7693167943167943,0.5680898267534206,0.3454799424495794,Parenting,False,True,No,10M+
app_0780,26,829.3461538461538,0.7586940836940836,0.5686004116091273,0.4066213637230386,Health & Fitness,True,True,Yes,10M+
app_0781,26,600.2692307692307,0.7969594517969131,0.596891584446097,0.238853072761483,Health & Fitness,False,True,Yes,1M-10M
app_0782,13,4652.615384615385,0.6817682317682318,0.584201158883861,0.4332889711207538,Health & Fitness,True,True,No,10M+
app_0783,26,293.34615384615387,0.6121336996336996,0.4948424531151507,0.3244814147108373,Medical,True,True,No,10K-100K
app_0784,26,293.96153846153845,0.6497252747252747,0.391463984000062,0.34447812846220216,Medical,True,True,No,10K-100K
app_0785,26,1009.1153846153846,0.608974358974359,0.4020771334271446,0.3116284214129854,Health & Fitness,True,True,Yes,10M+
app_0786,26,225.53846153846155,0.8079212454212453,0.4072484605182042,0.2686297506703499,Education,False,True,No,100K-1M
app_0787,26,632.8461538461538,0.7347374847374848,0.5550690905769441,0.402493508469437,Health & Fitness,False,False,No,<1K
app_0788,25,1550.16,0.867969696969697,0.41603416439966445,0.4584401870398571,Health & Fitness,True,True,Yes,1M-10M
app_0789,26,446.8076923076923,0.7798229548229548,0.27234126766804023,0.45994339844184584,Health & Fitness,False,False,No,<1K
app_0790,26,548.3846153846154,1.0,0.39028917149261877,0.4816994592203676,Medical,False,False,No,10K-100K
app_0791,26,1103.8461538461538,0.8750915750915751,0.4985878852048783,0.3321224394820734,Medical,False,True,No,10K-100K
app_0792,25,1279.12,0.6355384615384615,0.47182067299211655,0.44350235619520634,Health & Fitness,False,True,No,1M-10M
app_0793,26,1237.1923076923076,0.7828754578754579,0.1446541515597911,0.4584277041516293,Health & Fitness,False,True,No,1M-10M
app_0794,26,307.7307692307692,0.6878205128205128,0.366249629258189,0.3720016306077406,Health & Fitness,False,False,No,1M-10M
app_0795,26,1337.923076923077,0.7693863476564715,0.6130207884118971,0.3273005467855662,Health & Fitness,False,True,No,100K-1M
app_0796,26,235.80769230769232,0.9583333333333334,0.4415378534312434,0.3627785332848523,Medical,False,False,No,100K-1M
app_0797,26,596.1153846153846,0.778998778998779,0.31683797266214825,0.46324497047055047,Medical,False,False,No,100K-1M
app_0798,26,217.8846153846154,0.6277472527472528,0.3798933138309791,0.3526967610444161,Medical,False,False,No,1M-10M
app_0799,26,1194.8846153846155,0.8032051282051282,0.4758324673887523,0.2605584757670922,Health & Fitness,False,True,No,100K-1M
app_0800,26,267.5,1.0,0.3043868684086911,0.2934617406420877,Medical,False,False,No,1K-10K
app_0801,26,3659.6153846153848,0.9520170000939232,0.5037531738698425,0.4251811206355013,Health & Fitness,False,True,No,1M-10M
app_0802,26,255.23076923076923,1.0,0.43396469534032567,0.3520919344246239,Medical,False,False,No,10K-100K
app_0803,26,823.7692307692307,0.8070804195804195,0.2534650087763109,0.35205572213786784,Health & Fitness,False,True,No,100K-1M
app_0804,25,326.64,0.9483333333333333,0.5105585932947535,0.3066571051417771,Health & Fitness,True,True,Yes,1M-10M
app_0805,26,1180.1538461538462,0.7497863247863248,0.5002102483047577,0.2965093571972731,Health & Fitness,True,True,No,100K-1M
app_0806,26,281.5769230769231,0.8399420024420026,0.4130582385162023,0.4244087652335583,Parenting,False,False,No,10K-100K
app_0807,22,887.4545454545455,0.7382034632034632,0.3890370605831757,0.2947025337912352,Medical,True,False,Yes,1M-10M
app_0808,26,1742.6153846153845,1.0,0.4328567997658245,0.3388445998689399,Health & Fitness,False,True,No,100K-1M
app_0809,26,1540.3461538461538,0.9071635064282122,0.1431957511093857,0.2691630271154717,Health & Fitness,False,True,No,100K-1M
app_0810,26,325.1923076923077,0.7888278388278388,0.3242677940534013,0.3657070637135297,Health & Fitness,False,True,No,10K-100K
app_0811,26,630.0384615384615,0.6011571761571761,0.5021510639984013,0.3692587088174717,Health & Fitness,True,True,Yes,10M+
app_0812,26,2579.8846153846152,0.8641619818090406,0.7781791229389436,0.1982561941730558,Health & Fitness,True,True,Yes,1M-10M
app_0813,26,2465.9615384615386,0.853129713423831,0.755354783549095,0.1907352260423017,Health & Fitness,True,True,Yes,1M-10M
app_0814,25,549.04,0.753968253968254,0.29541249412334736,0.36423195382791174,Health & Fitness,True,True,Yes,10M+
app_0815,26,3288.230769230769,0.6351190476190477,0.5229660118363543,0.6236986811656531,Health & Fitness,True,True,Yes,10M+
app_0816,26,483.61538461538464,0.6804945054945055,0.5322170460944917,0.3947358086385504,Parenting,True,False,Yes,1M-10M
app_0817,1,1014.0,0.9090909090909092,0.3922902494331066,,Health & Fitness,False,True,No,1M-10M
app_0818,25,480.52,0.8163492063492064,0.35885403834187973,0.236008536737602,Health & Fitness,False,True,No,1M-10M
app_0819,26,308.84615384615387,0.7758547008547008,0.3563840990959891,0.3527897055373797,Food & Drink,False,True,No,100K-1M
app_0820,26,687.5,0.8544871794871794,0.6565173192461357,0.1772114435556727,Health & Fitness,False,True,Yes,1M-10M
app_0821,26,978.4230769230769,0.9199537304800463,0.7337602447242605,0.2366033002136912,Health & Fitness,True,True,No,100K-1M
app_0822,25,737.68,0.9148571428571428,0.7204172053525743,0.1459784651698352,Health & Fitness,True,True,No,1M-10M
app_0823,26,753.1153846153846,0.9749999999999999,0.7142934181865924,0.1626159925461195,Health & Fitness,True,True,No,100K-1M
app_0824,26,353.38461538461536,0.6077380952380952,0.38642173932575613,0.3184206293726661,Health & Fitness,True,True,Yes,10M+
app_0825,26,1579.8461538461538,0.7656898656898657,0.37826006954943703,0.3642414890207214,Health & Fitness,False,True,No,1K-10K
app_0826,26,612.4615384615385,0.9631410256410257,0.3609968288767217,0.3240156900241844,Lifestyle,True,True,Yes,1M-10M
app_0827,25,1920.04,0.8520942390942391,0.4599944708296778,0.2918186706681196,Health & Fitness,False,True,No,10M+
app_0828,26,380.5,0.9642094017094016,0.44501031658581236,0.3620229173573732,Health & Fitness,False,True,No,100K-1M
app_0829,24,312.5,1.0,0.5393872489058164,0.3512808260440365,Medical,False,False,No,100K-1M
app_0830,26,1443.2692307692307,0.9247821089167243,0.19107521334286864,0.2803409207773361,Health & Fitness,False,True,Yes,10M+
app_0831,26,436.03846153846155,1.0,0.3628622713075702,0.3281921540176623,Lifestyle,True,True,Yes,10M+
app_0832,26,351.0769230769231,0.8282509157509158,0.3354887186306591,0.3565636714667836,Health & Fitness,False,False,No,100K-1M
app_0833,4,252.5,0.6202380952380953,0.50344051170017,0.6048593285281191,Medical,False,True,No,1M-10M
app_0834,26,734.1923076923077,1.0,0.688332314493839,0.2618331028093604,Health & Fitness,True,True,No,100K-1M
app_0835,26,1920.0,0.7521600194677117,0.1647583177897902,0.5347994720699863,Lifestyle,True,True,No,1M-10M
app_0836,26,2443.5,1.0,0.25372655299251723,0.5306655109107813,Health & Fitness,True,True,No,1M-10M
app_0837,26,507.84615384615387,0.7122710622710623,0.5383901276289516,0.4767913599624591,Health & Fitness,False,False,No,100K-1M
app_0838,26,1440.3846153846155,1.0,0.3844452835962046,0.4475512826399482,Health & Fitness,False,True,Yes,1M-10M
app_0839,26,2175.0,0.7499020210558671,0.33535725939078337,0.5691409549621441,Health & Fitness,True,True,No,1M-10M
app_0840,25,1493.44,0.7591976911976911,0.28875792276865586,0.4622194842638233,Health & Fitness,False,True,No,10M+
app_0841,24,2100.2083333333335,1.0,0.5339582945913758,0.2855131348857205,Health & Fitness,True,True,No,100K-1M
app_0842,26,1306.6538461538462,1.0,0.5633285333896609,0.2189202549598648,Health & Fitness,True,True,Yes,1M-10M
app_0843,26,279.3076923076923,0.6686813186813187,0.3683667337594994,0.339347288873876,Medical,False,True,No,10K-100K
app_0844,26,342.61538461538464,0.6454212454212455,0.45943873670177093,0.38048504973309416,Health & Fitness,False,False,No,1K-10K
app_0845,25,359.44,0.6257619047619047,0.4559961477359417,0.2735130940855405,Health & Fitness,False,True,Yes,1M-10M
app_0846,26,618.6538461538462,0.9666056166056166,0.494201296324863,0.4649297830826741,Medical,False,False,No,10K-100K
app_0847,26,950.7692307692307,0.7604201354201354,0.23101277946404034,0.4834349492282553,Parenting,True,False,No,100K-1M
app_0848,26,602.5,0.7528388278388278,0.48063436601536375,0.3428115276305862,Health & Fitness,False,False,No,100K-1M
app_0849,26,387.5,0.7824175824175824,0.48013714422691456,0.3446329164173632,Health & Fitness,True,True,No,1M-10M
app_0850,26,851.4615384615385,0.8392704517704518,0.18792883457165124,0.35727772099589494,Health & Fitness,False,False,No,100K-1M
app_0851,26,679.4230769230769,0.787533620225928,0.7303138544345482,0.1923694365494608,Health & Fitness,False,True,No,10K-100K
app_0852,26,490.96153846153845,0.9631410256410257,0.3462815692449308,0.3513412289921577,Health & Fitness,True,True,No,10K-100K
app_0853,26,560.5769230769231,0.9278846153846154,0.739356858519167,0.2749743265628627,Medical,False,False,No,100K-1M
app_0854,26,364.03846153846155,0.6383699633699634,0.34282491161207934,0.4392587485467126,Health & Fitness,False,False,No,1K-10K
app_0855,26,259.65384615384613,1.0,0.40462673352332273,0.3614732160458543,Health & Fitness,False,False,No,100K-1M
app_0856,26,154.96153846153845,0.784981684981685,0.47141099158587063,0.2953247719631041,Health & Fitness,False,False,No,10K-100K
app_0857,26,441.8076923076923,0.8478937728937729,0.35927651152769235,0.4380684201802571,Medical,False,False,No,100K-1M
app_0858,26,385.88461538461536,0.849526862026862,0.31541192091427717,0.4215343321364307,Health & Fitness,False,False,No,100K-1M
app_0859,26,574.0384615384615,0.8021978021978022,0.2353341082529483,0.3984074348144372,Health & Fitness,False,True,No,10K-100K
app_0860,26,1455.2307692307693,0.8833929958929959,0.521872980875198,0.50588737644005,Health & Fitness,False,True,Yes,10M+
app_0861,26,325.6923076923077,0.6641025641025641,0.462234361425655,0.4433435226141754,Education,False,False,No,1M-10M
app_0862,26,655.8846153846154,0.8363905325443787,0.5258680332384204,0.3051633024239815,Health & Fitness,False,True,No,1M-10M
app_0863,26,194.65384615384616,1.0,0.45369117008195897,0.3938134782929964,Productivity,False,False,Yes,1M-10M
app_0864,26,958.8461538461538,0.8540326189647457,0.6325049228266552,0.3393624373569164,Parenting,False,True,No,100K-1M
app_0865,26,267.0769230769231,1.0,0.3255926888296622,0.3581617111347963,Medical,False,False,No,100K-1M
app_0866,26,459.5,1.0,0.45504994870074617,0.4255044415982171,Medical,False,False,No,10K-100K
app_0867,26,376.96153846153845,0.8337912087912088,0.43320901710095927,0.40816884933113723,Health & Fitness,False,True,No,100K-1M
app_0868,26,669.3846153846154,1.0,0.40758604705363866,0.4500847604279082,Health & Fitness,False,False,No,100K-1M
app_0869,26,4930.846153846154,0.7853479853479853,0.5949937158942331,0.7424716454841301,Health & Fitness,False,False,No,1M-10M
app_0870,26,637.0769230769231,1.0,0.2828740161794593,0.4511825465451791,Education,False,True,Yes,1M-10M
app_0871,26,901.3461538461538,0.8258241758241758,0.38426075716305813,0.4024308796119168,Health & Fitness,False,False,No,100K-1M
app_0872,26,454.2307692307692,0.7254842379842381,0.46303505271194906,0.3318513309221413,Health & Fitness,False,False,Yes,1M-10M
app_0873,26,292.38461538461536,1.0,0.42255597362167774,0.4194274029114091,Health & Fitness,False,False,No,10K-100K
app_0874,14,758.5714285714286,0.7126623376623377,0.27535785979730126,0.2255292365594259,Health & Fitness,False,True,No,10K-100K
app_0875,26,572.6538461538462,0.8379079254079254,0.6161289390641536,0.4439493720070585,Health & Fitness,False,False,No,10K-100K
app_0876,26,1099.5384615384614,0.8654841952918877,0.3939170399019739,0.5129851598555433,Education,False,False,No,10K-100K
app_0877,26,1321.0384615384614,1.0,0.45175674916701325,0.2744303027111053,Health & Fitness,True,True,No,1M-10M
app_0878,26,490.5,0.8313949938949938,0.29812569432210095,0.40202531946024006,Lifestyle,False,True,No,100K-1M
app_0879,26,405.38461538461536,0.638095238095238,0.3073986690110938,0.3720668834383552,Medical,False,False,No,1M-10M
app_0880,26,1562.5,0.6281565656565656,0.49924428246532554,0.35020834413292345,Health & Fitness,True,True,Yes,10M+
app_0881,26,4535.5,0.8150349650349651,0.6249271836088389,0.3063968204190542,Health & Fitness,True,True,Yes,10M+
app_0882,26,6811.307692307692,0.7177419802419802,0.43654817472472285,0.6916942020180852,Health & Fitness,True,True,Yes,10M+
app_0883,26,2781.1923076923076,0.8615768777146486,0.770977580246986,0.2685641699344107,Health & Fitness,True,True,Yes,1M-10M
app_0884,26,711.3461538461538,0.8513172724711187,0.4440044351875581,0.3944723094567031,Health & Fitness,False,True,No,100K-1M
app_0885,26,482.6923076923077,0.9464285714285714,0.355998854962983,0.4521041022030085,Health & Fitness,True,True,No,1M-10M
app_0886,26,1857.4615384615386,0.7530136530136531,0.2930499199915662,0.4977834016413591,Health & Fitness,False,True,No,1K-10K
app_0887,26,704.9230769230769,1.0,0.3656059980139339,0.450766247759815,Medical,False,False,No,100K-1M
app_0888,25,3517.76,0.9498686868686869,0.4577209967250221,0.3185354944073527,Health & Fitness,True,True,Yes,1M-10M
app_0889,26,711.6923076923077,0.7673700419741144,0.50628474273515,0.3649753312282333,Health & Fitness,False,True,No,10K-100K
app_0890,26,9728.038461538461,0.8340203066164604,0.8452633919192238,0.2640334531123537,Medical,False,True,No,100K-1M
app_0891,26,3877.576923076923,0.8224495318922563,0.6884268023166188,0.3756382262291886,Parenting,True,True,Yes,10M+
app_0892,26,296.7692307692308,0.9727564102564104,0.4784161126592672,0.4180281890284188,Productivity,False,False,Yes,1M-10M
app_0893,26,1014.3076923076923,0.7119200244200244,0.4642909840848733,0.3312039321188094,Health & Fitness,True,True,Yes,10M+
app_0894,26,358.1923076923077,1.0,0.3398784500781415,0.4087849621476292,Health & Fitness,False,False,No,1K-10K
app_0895,25,295.84,1.0,0.5321611069625454,0.409031162518913,Health & Fitness,False,False,No,<1K
app_0896,26,6072.2692307692305,0.7998391565699259,0.6171257293739937,0.15566148363455204,Health & Fitness,False,True,No,1M-10M
app_0897,26,528.9230769230769,0.8308608058608058,0.6029360983713384,0.338463699152315,Health & Fitness,False,True,Yes,10M+
app_0898,26,303.11538461538464,0.821504884004884,0.426425030004981,0.4442657664151896,Health & Fitness,True,True,No,1M-10M
app_0899,24,340.8333333333333,0.6432990620490621,0.38113918129910473,0.49867187241405303,Health & Fitness,False,False,Yes,1M-10M
app_0900,25,1130.28,0.5121367521367521,0.5697949992789545,0.3737360945635817,Medical,False,False,Yes,1M-10M
app_0901,26,623.9230769230769,0.8506562881562882,0.32332109319036,0.4621251641238177,Medical,True,False,No,100K-1M
app_0902,26,10079.0,0.6444139194139193,0.4050780016999772,0.5610800549909604,Health & Fitness,True,True,Yes,10M+
app_0903,2,409.0,0.8333333333333334,0.1157090142329994,0.4309978768577495,Health & Fitness,False,True,No,100K-1M
app_0904,26,369.15384615384613,1.0,0.3164574378960616,0.36546490653785846,Lifestyle,True,True,No,100K-1M
app_0905,26,343.1923076923077,0.8136752136752137,0.34790102821157387,0.3769937194709101,Health & Fitness,False,True,No,1K-10K
app_0906,1,576.0,0.8,0.0524344569288389,,Health & Fitness,False,True,No,10K-100K
app_0907,26,1425.6923076923076,0.8564643689643691,0.3911906971870617,0.3867739593758258,Health & Fitness,False,True,No,10K-100K
app_0908,25,555.76,0.971,0.5171870024960512,0.5727235809571636,Lifestyle,False,False,No,10K-100K
app_0909,26,1041.8461538461538,0.636462148962149,0.39517618039589136,0.4184202755609174,Health & Fitness,True,True,Yes,10M+
app_0910,26,1407.8461538461538,0.5757326007326007,0.44946224811635943,0.354687703592524,Health & Fitness,True,True,Yes,10M+
app_0911,26,554.0,1.0,0.4867578721813834,0.3403409128552533,Health & Fitness,False,True,No,1K-10K
app_0912,26,906.1153846153846,0.6042124542124542,0.5496341899747376,0.36785804327892674,Health & Fitness,True,True,Yes,10M+
app_0913,26,4413.615384615385,0.9738419699958161,0.3649460794350224,0.2626483796983018,Health & Fitness,True,False,No,1M-10M
app_0914,26,904.3846153846154,0.5096570096570097,0.33536824257607684,0.3894721439520358,Health & Fitness,False,True,No,1M-10M
app_0915,26,534.5,0.9358974358974359,0.37717034199585403,0.3583787605770316,Health & Fitness,True,True,No,100K-1M
app_0916,26,886.5769230769231,0.7277167277167277,0.33136785021130843,0.3599507304850723,Health & Fitness,False,True,No,100K-1M
app_0917,26,1808.0384615384614,0.7753150695458388,0.5600450773657828,0.36860001688217003,Parenting,True,True,No,1M-10M
app_0918,26,850.8846153846154,0.7339743589743589,0.2841298475964723,0.2464985216570246,Parenting,False,True,No,10K-100K
app_0919,26,703.3461538461538,0.8534798534798534,0.5250223492039272,0.3831049477818269,Lifestyle,True,True,No,10K-100K
app_0920,26,346.15384615384613,0.7978021978021979,0.4682489417484855,0.2744211863966611,Health & Fitness,False,True,No,10K-100K
app_0921,26,194.3846153846154,1.0,0.40210764248040054,0.3550199424557163,Health & Fitness,False,True,No,100K-1M
app_0922,26,383.15384615384613,0.9631410256410257,0.3001098932879716,0.3912389791717738,Health & Fitness,False,True,No,10K-100K
app_0923,24,469.5,0.9585813492063492,0.3290204265638449,0.40611539471832386,Health & Fitness,False,True,Yes,1M-10M
app_0924,26,281.0769230769231,0.6742673992673993,0.40155181694563524,0.3773605615297874,Health & Fitness,False,False,No,100K-1M
app_0925,26,1036.7692307692307,0.964957264957265,0.4218623232064936,0.3024794142685223,Health & Fitness,True,True,Yes,1M-10M
app_0926,26,531.6153846153846,0.7100427350427351,0.5656834752038346,0.3521900647960221,Health & Fitness,False,False,No,100K-1M
app_0927,25,6788.84,0.6698253968253968,0.337965118518408,0.7379607990222987,Health & Fitness,True,True,Yes,10M+
app_0928,1,143.0,0.7142857142857143,0.0,,Health & Fitness,False,False,No,100K-1M
app_0929,25,940.52,0.6309206349206349,0.5275258286381481,0.3843299958550756,Health & Fitness,True,True,Yes,10M+
app_0930,26,1025.2307692307693,0.9219440093591676,0.7762594835457208,0.1962273405494706,Health & Fitness,False,True,No,10K-100K
app_0931,26,419.7692307692308,0.5372710622710622,0.3258600237370316,0.4388438765657081,Education,False,False,No,1M-10M
